id,domain,status,purchase_price,renewal_price,attractiveness,demand,length,registrar,created_at,expires_at,status_verified_at
76f597c4-21b7-407f-a151-850225f85a4d,miniature.casino,available,6.98,191.98,high,low,9,namecheap,,,24/08/2026 23:48
55192ec7-3d5b-4458-8af1-12369f548c44,cores.casino,available,14.99,159.99,medium,low,5,namesilo,,,01/10/2026 16:54
5f9fd346-7715-4520-8d36-9bdfddbb3cb3,urgently.casino,available,6.98,191.98,medium,low,8,namecheap,,,14/09/2026 12:07
b6947cf9-6983-42f6-9310-2e72c4b51710,mentally.casino,available,6.98,191.98,medium,low,8,namecheap,,,15/09/2026 14:13
6ce9f427-c89d-496c-8c18-0092f180a6be,drogue.casino,available,14.99,159.99,medium,low,6,namesilo,,,17/09/2026 21:47
9a7ab27a-102a-4e90-86b6-65880c0c791a,macfarlane.casino,available,7.72,129.25,medium,low,10,porkbun,,,01/10/2026 07:10
e94e1cb8-29fb-4c93-8a4e-d2d844f4915c,indulgent.casino,available,6.98,191.98,high,low,9,namecheap,,,22/08/2026 03:33
31a7e27d-d430-46eb-90a1-1481a48a4e9c,thessaloniki.casino,available,15.99,,medium,low,12,unstoppable,,,29/09/2026 15:14
85afd102-8068-445b-b800-03f134da2b73,celestial.casino,resell,,,high,low,9,Dynadot Inc,05/07/2026 17:00,05/07/2027 17:00,26/09/2026 04:49
3b6f333a-d37a-483a-b9a6-9e36e1084158,senegalese.casino,available,6.98,191.98,medium,low,10,namecheap,,,10/09/2026 03:43
e9f5cd47-6aed-4957-8c4e-dcd5c43be1a4,promotional.casino,available,6.41,129.58,high,low,11,spaceship,,,29/09/2026 14:37
73bd7057-6223-453b-808b-ae3c874edba8,bugged.casino,available,14.99,159.99,medium,low,6,namesilo,,,23/09/2026 10:21
39543d32-8102-4258-b9aa-c22d5bbe177f,aboulic.casino,available,6.98,191.98,medium,low,7,namecheap,,,
b427e38b-d45f-45ca-99eb-1d547880bbd4,confiding.casino,available,6.98,191.98,high,low,9,namecheap,,,12/08/2026 20:45
d4848039-7c3d-463b-b869-4b6c2a2b7682,sneezed.casino,available,14.99,159.99,low,low,7,namesilo,,,20/09/2026 15:10
92419092-7a3d-4ce0-ba84-66fc1e654a07,serves.casino,available,14.99,159.99,medium,low,6,namesilo,,,18/09/2026 11:42
c5687624-418b-40d6-8d0a-3451eab74137,obscure.casino,available,6.98,191.98,high,low,7,namecheap,,,05/08/2026 21:59
10364bf1-6537-42d3-9546-6d9257a034d8,heights.casino,available,7.72,129.25,high,low,7,porkbun,,,27/09/2026 13:59
eff9bf6c-c4b4-4931-85f1-29a745cc54d7,pittsfield.casino,available,14.99,159.99,high,low,10,namesilo,,,29/09/2026 07:52
9b56c75d-e67e-4729-bcc9-90b420a8a807,agerasia.casino,available,14.99,159.99,medium,low,8,namesilo,,,17/09/2026 17:14
b9735274-5f06-40d8-837e-7de1305e4642,unleavened.casino,available,6.98,191.98,medium,low,10,namecheap,,,12/09/2026 14:46
f3ccf1ab-55a9-43c3-aae7-d389d156afde,lade.casino,available,6.98,191.98,medium,low,4,namecheap,,,22/08/2026 18:36
2faf718d-74db-4d5a-9798-0049579fd087,thorn.casino,available,125.2,125.2,high,low,5,cloudflare,,,28/09/2026 02:10
878ccea3-4543-48b9-8afd-bf7d4eff8d6d,bustling.casino,available,6.98,191.98,high,low,8,namecheap,,,11/08/2026 11:21
d3fc1021-abee-43b3-a15b-73065f2608bb,glace.casino,available,6.98,191.98,medium,low,5,namecheap,,,13/08/2026 09:46
77e7ec31-34ee-434a-afd3-3d0b024fd6a4,linelike.casino,available,6.98,191.98,medium,low,8,namecheap,,,23/08/2026 15:03
4ef6669d-1122-4a28-94f0-b9c5ac2f2a5a,still.casino,available,14.99,159.99,high,low,5,namesilo,,,23/09/2026 12:34
2031dd55-b953-453a-b8e2-1fd4b555fb9c,patton.casino,available,14.99,159.99,high,low,6,namesilo,,,25/09/2026 16:06
e32e412e-bbf1-487a-b011-347be4d28ec1,shucks.casino,available,13.99,236.99,medium,low,6,name.com,,,13/08/2026 16:16
00623d2e-209b-4626-bc51-b77bcfb465f0,steinway.casino,available,6.41,129.58,high,low,8,spaceship,,,01/10/2026 02:28
78de235d-8ee9-4c96-b1f4-af97dda398fd,requirements.casino,available,14.99,159.99,medium,low,12,namesilo,,,17/09/2026 10:26
6bff43fe-f9db-42e3-9302-44d541df6c56,fogged.casino,available,6.98,191.98,medium,low,6,namecheap,,,18/08/2026 09:51
6ef88fab-851b-4a0b-bc9c-7966b7098cd8,fabian.casino,available,6.98,191.98,high,low,6,namecheap,,,17/08/2026 20:10
9e5f5a96-2dae-4bf1-aca9-aced41850f08,songs.casino,available,6.98,191.98,high,low,5,namecheap,,,25/09/2026 19:03
39358d1c-1f2f-4cb5-bc8b-e169d4ba5e57,whittier.casino,available,7.72,129.25,medium,low,8,porkbun,,,28/09/2026 10:10
63c69a1b-75b0-4f55-a75c-801cfada6584,unchanged.casino,available,6.98,191.98,high,low,9,namecheap,,,12/09/2026 00:32
9f2261b7-4f47-425d-a89d-f7c401fb58e0,wanton.casino,available,6.98,191.98,medium,low,6,namecheap,,,25/08/2026 07:57
114eb730-8256-46fb-be9e-4fe0ead5d134,haber.casino,available,14.99,159.99,medium,low,5,namesilo,,,30/09/2026 17:25
e04abc6d-47e1-40a3-a1c1-e092065d6d19,curable.casino,available,6.98,191.98,high,low,7,namecheap,,,13/08/2026 10:59
421ead51-c488-4610-aef6-7096e28aedd5,tak.casino,available,7.72,129.25,high,low,3,porkbun,,,29/09/2026 09:19
57b99d15-d18c-44e3-aff7-aa859270a41d,atonic.casino,available,6.98,191.98,low,low,6,namecheap,,,07/08/2026 13:54
90c38ba2-e0f6-4132-89cd-3c5a14ed7139,baldhead.casino,available,6.98,191.98,medium,low,8,namecheap,,,21/09/2026 21:41
63c82f03-5e80-4eb0-a396-ff215fac5899,lemony.casino,available,6.98,191.98,high,low,6,namecheap,,,22/08/2026 23:24
3be11062-e341-448a-baae-35f71c48a2df,exalt.casino,available,6.98,191.98,high,low,5,namecheap,,,
95256e59-d57c-4247-876a-18f766e3f0eb,raiding.casino,available,6.98,191.98,medium,low,7,namecheap,,,24/08/2026 15:45
88deb355-4425-4352-995a-d15ed97bea33,phenomena.casino,available,15.99,,medium,low,9,unstoppable,,,29/09/2026 22:50
4daf0a14-fcfb-4cf7-b01e-224e1b87b72f,benedict.casino,available,14.99,159.99,high,low,8,namesilo,,,23/09/2026 07:52
76ab2ae5-a201-450a-b578-48c35de80823,justification.casino,available,12.79,159.99,medium,low,13,namesilo,,,
423929d6-4abd-48bb-8aab-4f918d9267bd,roiling.casino,available,6.98,191.98,medium,low,7,namecheap,,,09/09/2026 18:16
d7e97a5a-6ad7-448b-b5b7-60add6e9708a,sorcery.casino,available,14.99,159.99,high,low,7,namesilo,,,23/09/2026 23:51
f65b612e-9ba8-4023-90a4-659fbeec44f3,dyadic.casino,available,6.98,191.98,high,low,6,namecheap,,,14/08/2026 21:52
a51f7a17-e8ed-45e3-a42a-9fdd63173a33,hervey.casino,available,14.99,159.99,medium,low,6,namesilo,,,30/09/2026 05:29
480504c7-4376-4d1c-90b1-ede7e337d6a1,lillian.casino,available,6.98,191.98,medium,low,7,namecheap,,,26/09/2026 03:34
d193d167-fdd1-4161-97d5-5c9307b9f503,senatorial.casino,available,6.98,191.98,medium,low,10,namecheap,,,10/09/2026 03:38
815672f2-46c5-4c57-a601-25285422e500,artifacts.casino,available,14.99,159.99,medium,low,9,namesilo,,,29/09/2026 17:20
436ea1e7-c801-4b97-a38b-62dcd07a0c9d,hitch.casino,available,6.98,191.98,medium,low,5,namecheap,,,20/08/2026 22:55
a3a14c32-a1aa-4980-b783-b7e9dfbe1ea7,watermelon.casino,available,6.41,129.58,high,low,10,spaceship,,,29/09/2026 09:31
9175c20c-9bbc-44c4-8641-16783ff416bc,cosset.casino,available,14.99,159.99,high,low,6,namesilo,,,21/09/2026 13:00
b4686868-1e26-4276-88ed-fcbc9ba06fcf,pace.casino,available,6.41,129.58,high,low,4,spaceship,,,29/09/2026 20:29
5d707685-de01-4756-a897-5a926af95acd,asocial.casino,available,6.98,191.98,medium,low,7,namecheap,,,07/08/2026 04:36
ca4943de-5c59-44ed-9c2f-3255ce6dfd87,rochelle.casino,available,6.98,191.98,medium,low,8,namecheap,,,28/09/2026 22:08
59a919a9-fbd7-4ac0-8238-7e6ad5f3165e,alkyd.casino,available,14.99,159.99,medium,low,5,namesilo,,,18/09/2026 08:33
8effb2a9-9500-4f1d-acda-96e9b75b65f8,rinpoche.casino,available,14.99,159.99,medium,low,8,namesilo,,,01/10/2026 23:21
02de6d27-fc7a-4356-898c-f7bf7653a54f,dolphin.casino,resell,,,high,low,7,"Spaceship, Inc.",10/03/2026 19:41,10/03/2027 19:41,26/09/2026 05:38
75db7eb5-1f80-4c05-8b6e-c873f844bdaa,picked.casino,available,6.41,129.58,high,low,6,spaceship,,,01/10/2026 08:56
023c604b-401e-48eb-a3fe-ded07ba4ea1a,corrigan.casino,available,14.99,159.99,medium,low,8,namesilo,,,29/09/2026 15:41
b90cf97c-c415-42f1-bda9-18ac62204b1f,descent.casino,available,6.98,191.98,high,low,7,namecheap,,,08/09/2026 13:07
16013838-f67d-426c-a9a3-b25271e6e01d,numbat.casino,available,14.99,159.99,medium,low,6,namesilo,,,22/09/2026 01:07
f7911805-bd04-4390-b899-3e4a0909c04c,feared.casino,available,15.99,,medium,low,6,unstoppable,,,28/09/2026 11:28
eda4c942-7e28-497b-90e7-e81c573d4867,faceless.casino,available,6.98,191.98,medium,low,8,namecheap,,,17/08/2026 20:22
88221f60-0eaa-4edc-b29a-7a7caddd6977,stoddard.casino,available,7.71,133.97,medium,low,8,dynadot,,,29/09/2026 09:50
053facbf-b1ef-478b-9046-d429552342e7,stun.casino,available,15.99,,high,low,4,unstoppable,,,01/10/2026 22:08
353ff9a4-b086-4c4c-8f09-1041bf673856,anergy.casino,available,14.99,159.99,medium,low,6,namesilo,,,19/09/2026 05:29
4224c08e-2f4f-4221-87fa-14d5aa0757b8,imprecise.casino,available,6.98,191.98,medium,low,9,namecheap,,,21/08/2026 23:00
6225ce9d-2991-44a4-b05c-5f7ba975e071,shorty.casino,available,6.98,191.98,high,low,6,namecheap,,,30/09/2026 20:11
d26a47a6-8feb-4031-822b-07b7efa413df,outlines.casino,available,6.41,129.58,medium,low,8,spaceship,,,02/10/2026 03:08
5cc5d317-d546-4993-87ea-525f0c574842,backseat.casino,available,6.98,191.98,high,low,8,namecheap,,,21/09/2026 15:49
b9e5708e-3770-4d94-9a5b-9c668cf33046,tapered.casino,available,6.98,191.98,medium,low,7,namecheap,,,03/09/2026 13:29
542ef13e-4d12-4cd2-8ce5-0ecb739285f0,until.casino,available,7.71,133.97,medium,low,5,dynadot,,,01/10/2026 00:53
c20ea3b7-8721-4bdc-ab94-a5413e21d8d7,libertad.casino,available,14.99,159.99,high,low,8,namesilo,,,01/10/2026 23:36
b4b89289-0a1b-4887-b35f-a2b2bd9d32a8,guangxi.casino,available,15.99,,medium,low,7,unstoppable,,,30/09/2026 21:15
1d6149da-f33e-499b-b864-6163cbc38568,barefoot.casino,available,6.98,191.98,medium,low,8,namecheap,,,08/08/2026 18:54
9826f222-99f9-42fe-b168-0df2f5b7eaa2,symbols.casino,available,14.99,159.99,medium,low,7,namesilo,,,29/09/2026 04:46
2a0dd9a2-a4e1-4273-8fa4-58da5f332320,folded.casino,available,6.98,191.98,medium,low,6,namecheap,,,28/09/2026 16:55
174a4b9c-1bea-42f0-8261-73548f737b36,swimwear.casino,available,14.99,159.99,high,low,8,namesilo,,,22/09/2026 13:39
c92409ca-3362-435e-99fd-487c2ff045a7,sycamore.casino,available,14.99,159.99,high,low,8,namesilo,,,16/09/2026 23:36
33faf1c0-963d-403c-b707-96800cd04367,jinxed.casino,available,6.98,191.98,medium,low,6,namecheap,,,21/08/2026 07:53
2457b5be-49b8-4016-8ba9-e9fc4d41ff82,students.casino,available,6.98,191.98,high,low,8,namecheap,,,25/09/2026 18:00
2100fa87-0435-4cc5-b387-504ac0ad2270,curst.casino,available,6.98,191.98,medium,low,5,namecheap,,,13/08/2026 11:34
fb60b5b5-348b-45a6-8c58-26208ffaa864,dmitry.casino,available,6.41,129.58,high,low,6,spaceship,,,29/09/2026 15:33
6d011461-1431-4bcb-b08b-1cc9c3e33e9e,backlash.casino,available,14.99,159.99,high,low,8,namesilo,,,21/09/2026 15:29
1459cb3b-02e8-4760-a316-130f2483dd67,mounting.casino,available,6.41,129.58,medium,low,8,spaceship,,,29/09/2026 00:26
6d77d3c9-ffa4-42a8-8a23-fcb194cbb3a3,apprenticeship.casino,available,14.99,159.99,high,low,14,namesilo,,,02/10/2026 05:43
3be98e11-1798-4e8a-ac0d-1bfbecbeec30,abidance.casino,available,14.99,159.99,medium,low,8,namesilo,,,16/09/2026 15:33
707d7774-a893-4f7a-b533-1930b80f0327,scotchtape.casino,available,14.99,159.99,high,low,11,namesilo,,,16/09/2026 11:38
fafcc029-74c0-4f22-97b6-861cb4e9a4da,background.casino,available,125.2,125.2,high,low,10,cloudflare,,,29/09/2026 00:20
a07a964a-2c55-4b24-a10a-755a5a5f17ca,etta.casino,available,6.41,129.58,high,low,4,spaceship,,,30/09/2026 13:19
d80fdab4-1791-4804-95c0-de15c18c0cea,leroy.casino,available,6.98,191.98,medium,low,5,namecheap,,,25/09/2026 15:35
4ecc35a7-4501-4f78-981a-80bcc4ef7cc7,leftish.casino,available,6.98,191.98,medium,low,7,namecheap,,,22/08/2026 22:47
863b978b-7db5-4713-b57b-1cd35496892c,josie.casino,available,6.41,129.58,high,low,5,spaceship,,,29/09/2026 21:56
2f33cb1b-00f8-4d91-b833-db6fdbe6670e,clinics.casino,available,6.98,191.98,medium,low,7,namecheap,,,20/09/2026 12:34
1aba6baa-2d77-4680-9596-e4ed46b25e30,from.casino,available,6.98,191.98,high,low,4,namecheap,,,08/09/2026 08:57
cd7868cd-3d6c-4611-9331-3c0a128c8d5e,soddy.casino,available,14.99,159.99,medium,low,5,namesilo,,,17/09/2026 09:26
46e15369-bd78-444b-a9bc-29352107bbc3,schuylkill.casino,available,6.41,129.58,medium,low,10,spaceship,,,28/09/2026 16:50
0bb86a6b-cd56-4645-9b0b-7f3ba41b38a6,experienced.casino,available,6.41,129.58,high,low,11,spaceship,,,01/10/2026 06:08
18c6523c-9fd8-469c-8197-2ae8ab8c990d,regeneration.casino,available,7.71,133.97,high,low,12,dynadot,,,29/09/2026 22:53
c09f4f20-8aa4-4c6b-a543-eb05a3acd31a,oppressed.casino,available,6.98,191.98,medium,low,9,namecheap,,,04/09/2026 16:50
cd939308-eefb-457c-ad7d-a0146769c932,untethered.casino,available,6.98,191.98,medium,low,10,namecheap,,,12/09/2026 21:16
acf09fbb-a21c-42f1-9fe0-d10cb7166057,mandela.casino,available,7.71,133.97,high,low,7,dynadot,,,28/09/2026 14:49
b5fbca84-8a35-46d4-a886-1635980eb5ea,kurosawa.casino,available,13.99,236.99,medium,low,8,name.com,,,18/09/2026 00:08
1f85183d-c87b-4be5-84b5-f4afbd4dc6c0,acquirable.casino,available,6.98,191.98,medium,low,10,namecheap,,,
efcee82e-8a8a-43c6-91fc-4fb82282af29,columbine.casino,available,14.99,159.99,medium,low,9,namesilo,,,19/09/2026 23:13
1acf12c9-2ead-41e3-be99-df7581bedb82,munition.casino,available,14.99,159.99,medium,low,8,namesilo,,,20/09/2026 07:44
a43906b3-e3a9-4f98-9d55-642738203450,olof.casino,available,14.99,159.99,medium,low,4,namesilo,,,02/10/2026 00:16
d008b3b1-48c7-4b9d-a28a-a0db582b68be,buckle.casino,available,6.41,129.58,medium,low,6,spaceship,,,28/09/2026 18:30
c5177e48-c529-4fda-91a3-5f3657b8b0fe,hyaline.casino,available,6.98,191.98,medium,low,7,namecheap,,,21/08/2026 16:06
e7438217-4cc5-4279-a2d3-5bc901500ce1,eddie.casino,available,14.99,159.99,high,low,5,namesilo,,,01/10/2026 08:35
9c977ca8-d0c3-40d7-8c47-09e605e461d7,locally.casino,available,6.41,129.58,medium,low,7,spaceship,,,28/09/2026 16:11
64ad4fcf-2a40-4b3b-8144-202bbb37ba4e,frankfurt.casino,available,15.99,,high,low,9,unstoppable,,,30/09/2026 09:45
b37f0943-3968-4e91-9805-3a1b158b1e76,endings.casino,available,15.99,,medium,low,7,unstoppable,,,29/09/2026 17:30
9067e718-05c0-4195-88f5-d4b59252445f,similarity.casino,available,6.41,129.58,high,low,10,spaceship,,,29/09/2026 19:30
b1a650fb-f772-4501-ac0c-46dc82123c2d,aton.casino,available,6.98,191.98,medium,low,4,namecheap,,,20/09/2026 20:06
0d87f9e3-0a10-48ea-ac92-65432cbe6fc1,keeping.casino,available,14.99,159.99,high,low,7,namesilo,,,29/09/2026 22:54
4ed17d91-597b-4e4e-bcbf-64f8dc4df037,basal.casino,available,6.98,191.98,medium,low,5,namecheap,,,08/08/2026 21:24
28e4f317-f5de-4211-bbb4-5bf3640c392a,investors.casino,available,6.98,191.98,high,low,9,namecheap,,,
368bd045-c2db-43cb-8d5e-a691e3129d05,ascension.casino,available,6.98,191.98,high,low,9,namecheap,,,07/08/2026 00:30
a2e791ac-bb2e-45c9-853a-e4b931c56e7b,sexuality.casino,available,14.99,159.99,high,low,9,namesilo,,,28/09/2026 10:54
fa2edc80-7464-4d23-a8ff-6d7789a0c209,beelzebub.casino,available,14.99,159.99,medium,low,9,namesilo,,,23/09/2026 01:23
9e31c80f-7a2a-4e89-8372-338ae1e9a462,achieve.casino,available,15.99,,high,low,7,unstoppable,,,28/09/2026 03:16
94fd29b4-9d10-44c6-bf65-3299ccf08bed,skeletons.casino,available,6.41,129.58,medium,low,9,spaceship,,,30/09/2026 06:36
8bb74680-a898-436b-8372-2da24b8aa427,deftly.casino,available,6.98,191.98,medium,low,6,namecheap,,,14/09/2026 11:20
747efc5f-990d-4de2-8c44-cedf0de8902b,templates.casino,available,14.99,159.99,medium,low,9,namesilo,,,18/09/2026 15:03
91490679-4646-4fc5-90e1-eaa2610be2ae,harare.casino,available,6.98,191.98,medium,low,6,namecheap,,,24/09/2026 12:36
92c08755-e3f5-4061-b668-2edb9006a240,platinum.casino,resell,,,high,low,8,"Spaceship, Inc.",05/05/2025 15:15,05/05/2027 15:15,26/09/2026 08:12
0399c784-a098-49d3-ae2c-bc53672b3102,collect.casino,available,6.98,191.98,high,low,7,namecheap,,,12/08/2026 15:03
dcb5ecad-33f4-4c15-8937-50a750336310,nourishment.casino,available,15.99,,high,low,11,unstoppable,,,30/09/2026 22:35
33230ce5-da60-465c-9606-94f9ac33c030,gwyn.casino,available,14.99,159.99,medium,low,4,namesilo,,,02/10/2026 05:09
335be1b9-ff96-41a0-8019-fa49e44fbb12,allies.casino,available,125.2,125.2,high,low,6,cloudflare,,,28/09/2026 20:34
b3b41d05-8752-4d97-8e0c-50e614b829f9,pouring.casino,available,6.98,191.98,high,low,7,namecheap,,,20/08/2026 21:01
b7a8dd7d-188c-4989-bc6d-9f4dffb077a7,unrevealed.casino,available,6.98,191.98,medium,low,10,namecheap,,,12/09/2026 08:09
03e987a6-48e2-49da-a41c-e52d5626f9ad,trotsky.casino,available,14.99,159.99,medium,low,7,namesilo,,,28/09/2026 19:41
e6dfbd5e-fa2d-4b8b-976b-22af0666fd52,limestone.casino,available,6.41,129.58,high,low,9,spaceship,,,30/09/2026 02:56
007de39f-b84e-491a-8ac1-29100f6a7236,jude.casino,available,6.41,129.58,high,low,4,spaceship,,,29/09/2026 18:47
f6d8d1c7-e835-4434-b96b-ea8f9f8803f3,spots.casino,available,14.99,159.99,high,low,5,namesilo,,,27/09/2026 04:00
96b78666-2b31-4dad-a9d9-b545073689d5,tutorial.casino,available,6.98,191.98,high,low,8,namecheap,,,11/09/2026 21:31
52c664f3-782b-42cc-b221-10aa15e3a4b1,mercuric.casino,available,6.98,191.98,medium,low,8,namecheap,,,24/08/2026 20:40
5ee24825-b9fe-40b4-8cbc-a26683b8228b,champs.casino,available,14.99,159.99,high,low,6,namesilo,,,20/09/2026 13:31
b893ae1a-50fe-4565-bcec-f6fc9891985e,partisan.casino,available,6.98,191.98,high,low,8,namecheap,,,08/09/2026 02:07
f8f2d50b-5626-48a7-a19c-59078a2aec8e,gonzalez.casino,available,14.99,159.99,high,low,8,namesilo,,,25/09/2026 16:13
ef60fe07-3e27-457c-862e-d7a588a320dd,waitress.casino,available,6.41,129.58,high,low,8,spaceship,,,27/09/2026 16:14
1a763b33-2707-4a9e-9f6f-48fd53d8ccfd,nafud.casino,available,14.99,159.99,medium,low,5,namesilo,,,19/09/2026 00:44
5144fefc-e448-4927-b756-8b1c03a97082,seating.casino,available,125.2,125.2,high,low,7,cloudflare,,,29/09/2026 02:06
71bd5928-a1be-4ea9-a321-0764adb46cef,capricious.casino,available,6.98,191.98,medium,low,10,namecheap,,,11/08/2026 18:04
b6018c77-b8fb-4721-8b62-565ce9823a2c,toiling.casino,available,6.98,191.98,medium,low,7,namecheap,,,14/08/2026 20:00
28d3a7e5-ba7f-4f2b-80a6-8377218ddc1a,award.casino,available,14.99,159.99,high,low,5,namesilo,,,27/09/2026 06:31
a314188b-864a-4b03-b741-c887debca736,concerning.casino,available,14.99,159.99,high,low,10,namesilo,,,28/09/2026 03:24
85662222-dcd2-4f02-b0a4-8db40bcb385b,evaluative.casino,available,6.98,191.98,medium,low,10,namecheap,,,06/08/2026 08:13
9186a962-a08f-43ad-8f0e-9a2f394c97eb,ahab.casino,available,6.98,191.98,medium,low,4,namecheap,,,17/09/2026 20:17
cbba6802-77ff-446f-b8df-696cb657bc66,facilities.casino,available,6.98,191.98,high,low,10,namecheap,,,01/10/2026 18:10
ea84a4ad-684e-4561-a51e-4004df787948,desolation.casino,available,14.99,159.99,medium,low,10,namesilo,,,22/09/2026 05:24
0f166152-51c6-4141-bbfd-c826394e7017,amusingly.casino,available,6.98,191.98,medium,low,9,namecheap,,,13/09/2026 19:40
3fecc9c1-0bc3-47f7-8057-e16bb9318c9a,aldebaran.casino,available,14.99,159.99,medium,low,9,namesilo,,,18/09/2026 04:20
9816e2af-f626-4765-9f43-1e5afcfe7d26,digestive.casino,available,6.98,191.98,high,low,9,namecheap,,,24/08/2026 15:24
58fbfcbc-d020-4ac7-b79b-4867cf90f412,arsine.casino,available,14.99,159.99,medium,low,6,namesilo,,,20/09/2026 09:42
f6cb68a4-c7cc-44b2-ab95-a5ab69afd1a9,arcadic.casino,available,14.99,159.99,medium,low,7,namesilo,,,20/09/2026 01:36
ff69ab7a-b10d-4456-8479-7f6ea2eeb157,fueled.casino,available,6.98,191.98,medium,low,6,namecheap,,,18/08/2026 17:37
53090d9b-1d41-4bbc-9f05-8ab562d91f2f,stubbornly.casino,available,6.98,191.98,medium,low,10,namecheap,,,14/09/2026 10:12
15d4b9bf-0ec8-48ff-a0b6-7f85824e0244,ariadne.casino,available,14.99,159.99,high,low,7,namesilo,,,20/09/2026 05:09
59f347f1-79c3-40c3-8890-1f8eb075be69,repeating.casino,available,14.99,159.99,high,low,9,namesilo,,,28/09/2026 06:41
0b944439-54ed-4816-8b6a-1fce985026e9,undefeated.casino,available,6.98,191.98,high,low,10,namecheap,,,12/09/2026 07:12
7536e08e-c9b4-4d60-9a5c-1d78d0d52e57,populus.casino,available,6.98,191.98,high,low,7,namecheap,,,01/10/2026 19:46
8ca294a2-eca0-42db-bfab-765909fa7edc,apodemus.casino,available,6.98,191.98,medium,low,8,namecheap,,,19/09/2026 18:19
56916e7f-5b75-4e1a-ac0f-904cc47d0a42,penultima.casino,available,6.98,191.98,medium,low,9,namecheap,,,08/09/2026 15:14
b06a6811-1e7c-4df4-84ab-92aa817b7b70,harte.casino,available,125.2,125.2,medium,low,5,cloudflare,,,01/10/2026 01:12
f21938eb-cc51-46b1-8422-1c8dd811a715,bolshevik.casino,available,6.98,191.98,high,low,9,namecheap,,,10/08/2026 17:50
32ed43eb-e9c1-41b0-9aa7-8e0a1ad581c2,skiing.casino,available,7.72,129.25,high,low,6,porkbun,,,28/09/2026 10:57
ef1fd27b-3bd9-4bcb-84ce-d43ae30963aa,miotic.casino,available,6.98,191.98,medium,low,6,namecheap,,,25/08/2026 01:00
550042a7-0662-410f-bca1-eddece6fe7c7,husband.casino,available,14.99,159.99,high,low,7,namesilo,,,29/09/2026 23:14
49254049-ff28-4bbb-bded-f8582bdddc7d,typic.casino,available,6.98,191.98,medium,low,5,namecheap,,,11/09/2026 22:29
7253a8e9-b197-45b9-9af0-1f516ce9bc50,awheel.casino,available,6.98,191.98,medium,low,6,namecheap,,,08/08/2026 01:05
bea090cf-e333-4a90-a5c4-b9622d63f112,farmhouse.casino,available,14.99,159.99,high,low,9,namesilo,,,29/09/2026 12:14
fcd0654e-b75f-4165-a205-ff5f67c36762,witch.casino,available,6.98,191.98,high,low,5,namecheap,,,21/08/2026 07:44
24c89ad8-78e4-4db1-b3f7-b210af92d310,germy.casino,available,6.98,191.98,medium,low,5,namecheap,,,18/08/2026 22:53
b58abb98-a6aa-406d-ab15-1f73029a1d54,prosy.casino,available,6.98,191.98,medium,low,5,namecheap,,,08/09/2026 12:32
4c789aa8-2ddb-4e64-81b9-a06123e304cc,moneron.casino,available,6.98,191.98,medium,low,7,namecheap,,,25/08/2026 04:30
eba2f723-e430-4e53-b591-6b087d1cacd9,behold.casino,available,7.71,133.97,high,low,6,dynadot,,,28/09/2026 15:34
da1eb50e-d59c-4af9-8af9-c316d625cf57,shear.casino,available,125.2,125.2,medium,low,5,cloudflare,,,30/09/2026 11:04
86ebb97c-0092-4114-9695-b936ed03b333,binge.casino,available,14.99,159.99,high,low,5,namesilo,,,23/09/2026 17:18
40d9aff6-706a-4698-b7dd-77a4636addac,cloudlike.casino,available,6.98,191.98,medium,low,9,namecheap,,,12/08/2026 12:38
26676034-aa7a-46b0-8a2e-9ec2ed67c05d,wondrous.casino,available,6.98,191.98,high,low,8,namecheap,,,25/09/2026 00:25
a045b84c-b91e-4010-aab2-bfd223b517b6,supporters.casino,available,14.99,159.99,medium,low,10,namesilo,,,30/09/2026 07:11
a93fd6fa-3bfb-4930-b518-2a69430bc789,rente.casino,available,6.98,191.98,medium,low,5,namecheap,,,19/09/2026 10:58
db90851a-7621-4176-aa97-5498f6738493,pleasures.casino,available,6.41,129.58,medium,low,9,spaceship,,,29/09/2026 16:55
df44f652-2cb2-4244-8969-1fa407614518,delicacy.casino,available,13.99,236.99,high,low,8,name.com,,,13/08/2026 15:51
4e1fae8c-b92e-4d90-9e65-43164c337f73,bergenia.casino,available,14.99,159.99,medium,low,8,namesilo,,,23/09/2026 09:20
3f8e4dff-752a-47ab-8e35-9b19e0c0b998,nimitz.casino,available,14.99,159.99,medium,low,6,namesilo,,,17/09/2026 08:52
b7029f1a-24b8-4071-8161-6b8702eab76d,exercising.casino,available,7.71,133.97,high,low,10,dynadot,,,29/09/2026 18:30
a26f548c-6eea-4a01-8994-d6ffb353c9cf,imperative.casino,available,6.98,191.98,high,low,10,namecheap,,,08/09/2026 04:44
048d810f-29ff-424a-8a67-f4ab5d3159c2,recessions.casino,available,14.99,159.99,low,low,10,namesilo,,,21/09/2026 06:29
672da0f5-1d1e-4d44-8b10-c5ff69897ad5,bottled.casino,available,6.41,129.58,medium,low,7,spaceship,,,29/09/2026 03:12
0cdfe49f-7a7f-4670-afaf-5092b31001cd,puglia.casino,available,14.99,159.99,high,low,6,namesilo,,,19/09/2026 22:41
c794d99c-cce3-4d5e-9bb2-d44425e643b6,agreeably.casino,available,6.98,191.98,medium,low,9,namecheap,,,13/09/2026 18:22
6ec5dd11-2388-47c1-9d19-fe875116ce41,weld.casino,available,6.41,129.58,high,low,4,spaceship,,,02/10/2026 04:40
f68a814a-082b-491c-a44c-83aaae630722,screecher.casino,available,14.99,159.99,medium,low,9,namesilo,,,22/09/2026 17:04
4b05465a-7664-4201-bf39-f863af606694,bookstore.casino,available,6.98,191.98,high,low,9,namecheap,,,24/09/2026 07:17
2e8532ad-650a-43fd-9a21-34153d4b07a0,thinly.casino,available,6.98,191.98,medium,low,6,namecheap,,,11/09/2026 13:26
098ec0ed-bbcd-4955-9dea-74c6c0382570,abomasum.casino,available,14.99,159.99,medium,low,8,namesilo,,,16/09/2026 16:29
dcc23b7f-a47f-4dbe-b82d-6d14db2a6ccb,brumal.casino,available,6.98,191.98,medium,low,6,namecheap,,,11/08/2026 06:36
5065e3cd-c554-46ad-bb61-e390a8b6933d,sacrifices.casino,available,125.2,125.2,low,low,10,cloudflare,,,28/09/2026 17:47
66b5e1e2-5873-4f87-9b8c-9f72495f5743,choral.casino,available,6.98,191.98,high,low,6,namecheap,,,12/08/2026 07:03
f30306e6-c5d4-4aae-af77-97c72b8c7585,sep.casino,available,7.71,133.97,high,low,3,dynadot,,,30/09/2026 10:56
dbfe29d3-c135-40c8-a9cc-63b183c90440,positioning.casino,available,6.41,129.58,high,low,11,spaceship,,,29/09/2026 14:53
3c01c6d7-2d95-433a-a59a-f3d24a4e950d,bump.casino,available,14.99,159.99,high,low,4,namesilo,,,29/09/2026 05:15
b4f574c0-6349-406c-ae6c-010ad5b1713e,treasonous.casino,available,6.98,191.98,medium,low,10,namecheap,,,17/08/2026 21:20
04bd72f7-6d56-400c-9e62-9d1e3b94178e,cdna.casino,available,14.99,159.99,high,low,4,namesilo,,,30/09/2026 09:00
5e01d377-dd17-489e-a38b-03cd649474cd,elise.casino,available,6.41,129.58,medium,low,5,spaceship,,,28/09/2026 21:52
be288337-4733-4e84-b399-46c06014b56c,estates.casino,available,14.99,159.99,medium,low,7,namesilo,,,18/09/2026 06:36
5a04d715-e95f-4935-9b78-065c1c22911f,anchorite.casino,available,14.99,159.99,medium,low,9,namesilo,,,19/09/2026 03:44
95aa1a0e-290d-4ef6-8943-70dde624ca04,underarm.casino,available,6.98,191.98,medium,low,8,namecheap,,,12/09/2026 07:21
aaeb51d1-89e7-4b65-a9e3-b9deaec9a7c4,bloodshot.casino,available,6.98,191.98,medium,low,9,namecheap,,,10/08/2026 15:21
0e195c32-af97-4e2e-b06a-ec0ab3907f35,statuesque.casino,available,6.98,191.98,medium,low,10,namecheap,,,22/08/2026 14:32
4b749413-3207-49b3-976a-ff1020f8d239,adversary.casino,available,14.99,159.99,medium,low,9,namesilo,,,17/09/2026 10:44
22f1ea91-6058-4546-9270-b68491cdba17,empress.casino,available,15.99,,high,low,7,unstoppable,,,30/09/2026 17:09
a5e5a287-5a09-47b3-9b71-12b778f387b0,relax.casino,resell,,,high,low,5,,,,27/09/2026 06:03
8fa28403-39f0-47a4-84d2-3bbe40a4f96e,incurable.casino,available,6.98,191.98,medium,low,9,namecheap,,,22/08/2026 02:06
af6d3912-2a04-4df7-99a1-5501312ccd35,throats.casino,available,6.98,191.98,medium,low,7,namecheap,,,20/09/2026 08:21
8e3f9403-1593-4d7c-ae14-1997f3dc43cd,funerals.casino,available,6.98,191.98,medium,low,8,namecheap,,,29/09/2026 17:32
69c9d31f-ac54-4d54-8358-9a0c7cb083f9,converted.casino,available,14.99,159.99,high,low,9,namesilo,,,23/09/2026 00:43
e4ef8a11-bcd1-4c03-a1ed-ad2fede3d9b2,uncommon.casino,resell,,,high,low,8,"GoDaddy.com, LLC",15/11/2025 12:47,15/11/2026 12:47,26/09/2026 09:50
a689ba92-046a-4e01-ab4e-693a26b34bd4,reentrant.casino,available,6.98,191.98,medium,low,10,namecheap,,,09/09/2026 10:51
62e1f9f1-d853-4c59-8a8e-e39e2f406bdb,ruthenium.casino,available,14.99,159.99,medium,low,9,namesilo,,,20/09/2026 23:08
82de69cd-505c-4975-97b9-577d3ded957b,earning.casino,available,6.98,191.98,medium,low,7,namecheap,,,28/09/2026 13:27
ca61d1da-a09d-44fd-9988-c72790c84f21,nibbed.casino,available,6.98,191.98,low,low,6,namecheap,,,03/09/2026 16:57
47833b55-1ced-42fa-a889-ea087d4ba92f,elfish.casino,available,6.98,191.98,medium,low,6,namecheap,,,16/08/2026 03:41
1ba9ab60-aab8-47bb-ac28-225a89ff7c02,excursion.casino,available,6.41,129.58,high,low,9,spaceship,,,29/09/2026 18:22
c76a5d03-f09c-4784-81ce-3efb6f94d180,blond.casino,available,14.99,159.99,high,low,5,namesilo,,,22/09/2026 22:15
4babe9c8-92a6-4d58-8fa2-3d4146f0be09,yearling.casino,available,6.98,191.98,high,low,8,namecheap,,,22/09/2026 00:38
ff808a95-5cca-4891-95b8-2852dd1cd094,sedated.casino,available,6.98,191.98,low,low,7,namecheap,,,16/09/2026 18:04
e63d144a-7538-42ea-91e9-601d12eeda0c,kigali.casino,available,14.99,159.99,medium,low,6,namesilo,,,24/09/2026 12:21
e3e79592-a99a-4002-ad12-b1292b59ad3a,exams.casino,available,6.98,191.98,medium,low,5,namecheap,,,28/09/2026 23:32
36e288b6-f2c0-4b46-ba8a-e8230c287398,topology.casino,available,6.98,191.98,high,low,8,namecheap,,,19/09/2026 01:59
cfe509d4-8143-4827-a993-8e3bb11c4e83,formations.casino,available,14.99,159.99,medium,low,10,namesilo,,,01/10/2026 15:37
fd023988-a866-4bb9-af52-6518d3525de4,gooch.casino,available,14.99,159.99,medium,low,5,namesilo,,,30/09/2026 19:40
184ce3d5-2302-4e6e-a3ab-741315b4b0d6,shoes.casino,available,15.99,159.99,high,low,5,unstoppable,,,30/09/2026 11:10
46417065-0278-4090-a761-5b285e060d54,lordless.casino,available,6.98,191.98,low,low,8,namecheap,,,24/08/2026 09:52
c1019c20-9704-4ee2-bef4-eabc7385ae2e,livid.casino,available,6.98,191.98,medium,low,5,namecheap,,,07/08/2026 02:24
3eeef505-b529-4751-b5da-793268725b1c,zapotec.casino,available,6.98,191.98,high,low,7,namecheap,,,13/09/2026 15:07
9a96ec1a-44e3-4c51-91fa-e0643e88ae85,tabs.casino,available,14.99,159.99,medium,low,4,namesilo,,,20/09/2026 01:36
cbbb05f2-80f5-4b74-9762-5ac4c2e79101,clem.casino,available,14.99,159.99,medium,low,4,namesilo,,,01/10/2026 22:57
67134486-133c-46a8-8654-ac61c359253f,intragroup.casino,available,6.98,191.98,medium,low,10,namecheap,,,22/08/2026 08:41
6f613328-5cab-43c0-a3ef-784d66b326f8,word.casino,available,7.72,129.25,high,low,4,porkbun,,,29/09/2026 02:21
44fb070f-368e-4107-a95c-16139a0ccde0,kmt.casino,available,7.71,133.97,medium,low,3,dynadot,,,29/09/2026 22:33
9f525848-2aa4-4bee-b8a9-320568648e56,housewives.casino,available,14.99,159.99,medium,low,10,namesilo,,,30/09/2026 07:09
4eae084d-ce21-43b1-ba18-eedf5fabca04,observer.casino,available,14.99,159.99,high,low,8,namesilo,,,27/09/2026 03:30
cf8d38da-3ae9-4d8e-95b0-30d4e7cdd115,lbs.casino,available,6.98,191.98,medium,low,3,namecheap,,,30/09/2026 07:36
926543b4-fb79-4ea7-8490-b3e7793b1797,granth.casino,available,14.99,159.99,medium,low,6,namesilo,,,17/09/2026 08:05
f2c296ef-e5c5-4e03-b97a-8e48c21e7177,postpone.casino,available,125.2,125.2,high,low,8,cloudflare,,,29/09/2026 08:12
192bf9d5-f875-4459-a660-6ed6542da3b3,mourn.casino,available,6.98,191.98,high,low,5,namecheap,,,30/09/2026 11:23
83824dfb-3ecf-4b36-9252-414fd5679e1b,amorist.casino,available,14.99,159.99,medium,low,7,namesilo,,,18/09/2026 22:43
e4d66c42-d83e-4a22-b8f1-09db914193ed,stimuli.casino,available,14.99,159.99,medium,low,7,namesilo,,,30/09/2026 23:20
bbae9297-3954-4eba-a70b-a15643718176,honesty.casino,available,7.72,129.25,high,low,7,porkbun,,,28/09/2026 06:00
d221d01a-0597-4374-86c0-e844c0a72631,comfy.casino,available,6.98,191.98,high,low,5,namecheap,,,23/09/2026 15:10
090fb2fb-cbe0-44e8-bfd3-ce8ceb49fe4b,deceiver.casino,available,14.99,159.99,medium,low,8,namesilo,,,23/09/2026 02:29
3e0e13d0-71ab-497f-a79f-48d2185a3702,helpful.casino,available,6.98,191.98,high,low,7,namecheap,,,21/08/2026 06:37
7f42a582-c3f6-4560-a9cc-135ccc351902,exposit.casino,available,6.98,191.98,medium,low,7,namecheap,,,15/08/2026 23:47
6cd563a5-6cf8-4363-98ae-005f2c84f588,bicycling.casino,available,14.99,159.99,high,low,9,namesilo,,,23/09/2026 13:28
880e8db4-70e1-4798-8645-82a0b847c01a,manu.casino,available,15.99,,high,low,4,unstoppable,,,28/09/2026 11:11
0b4767e8-e8c2-47a0-9039-4fb65eab64cf,underlying.casino,available,6.98,191.98,high,low,10,namecheap,,,21/08/2026 22:41
f9001e33-3371-4059-b165-14dda934a439,pune.casino,available,7.71,133.97,medium,low,4,dynadot,,,30/09/2026 12:49
2eb8fe94-ce86-408e-ad7f-72165abe30ff,pavement.casino,available,14.99,159.99,high,low,8,namesilo,,,29/09/2026 07:50
ddcd3c22-d233-4dcb-8c27-eda2061f09ed,impute.casino,available,14.99,159.99,medium,low,6,namesilo,,,21/09/2026 02:18
70d50d26-0235-4802-8f62-e653597e463c,bourne.casino,available,14.99,159.99,medium,low,6,namesilo,,,30/09/2026 08:47
6d52040d-0707-4a01-827c-a8012e66fddc,columnar.casino,available,6.98,191.98,medium,low,8,namecheap,,,12/08/2026 18:14
9ad2b809-57c9-45f4-bbcd-2277ef244c23,missile.casino,available,14.99,159.99,high,low,7,namesilo,,,27/09/2026 07:17
7c2e31d9-f638-48fa-9dbe-2135e0aeea6d,darkly.casino,available,6.98,191.98,medium,low,6,namecheap,,,14/09/2026 10:39
cad3bf2d-6850-47db-9ac9-4e37df58a8f5,subvert.casino,available,6.98,191.98,medium,low,7,namecheap,,,13/08/2026 02:15
34a17a27-c118-47e3-b0cc-21547d15b341,conception.casino,available,14.99,159.99,high,low,10,namesilo,,,24/09/2026 17:07
86a846ea-7dda-4995-88f7-5bd282542878,blockbuster.casino,available,125.2,125.2,high,low,11,cloudflare,,,30/09/2026 19:32
f6e6aeea-0735-446a-9367-07452ad18a2a,appendix.casino,available,6.98,191.98,high,low,8,namecheap,,,19/09/2026 20:40
8fe419be-7d8b-4e19-b7d1-8a476c009081,sterilization.casino,available,14.99,159.99,high,low,13,namesilo,,,16/09/2026 21:54
36979afd-8f27-40fc-8047-4eb6c6e046e6,spattered.casino,available,13.99,236.99,medium,low,9,name.com,,,13/08/2026 15:15
07d87027-e850-4a66-87b1-9b20a6fd5a84,midwinter.casino,available,12.79,159.99,medium,low,10,namesilo,,,
548db001-1566-400b-84b9-3eb0a1e2021e,juiceless.casino,available,6.98,191.98,medium,low,9,namecheap,,,22/08/2026 14:18
27019a6c-209c-4b82-b291-5741664ec45a,mellon.casino,available,14.99,159.99,high,low,6,namesilo,,,19/09/2026 04:48
d7737d68-7ef8-453e-813a-a9598a08ec6f,capped.casino,available,6.98,191.98,medium,low,6,namecheap,,,11/08/2026 18:02
20a69452-7e16-4873-851a-0d53908bf707,schizophrenic.casino,available,14.99,159.99,medium,low,13,namesilo,,,30/09/2026 12:09
239b316c-2f8f-4d8f-967a-22de94b9260d,monotonous.casino,available,6.98,191.98,medium,low,10,namecheap,,,25/08/2026 05:30
a18110c3-61ab-48fa-a1c0-3c67529f6235,yeller.casino,available,14.99,159.99,medium,low,6,namesilo,,,22/09/2026 17:06
fbcbc342-350d-4f40-aef1-8d2a8b62e8b0,leal.casino,available,6.98,191.98,medium,low,4,namecheap,,,22/08/2026 22:03
64fc0d87-4459-4da5-9cda-144e5a770b55,precaution.casino,available,6.41,129.58,high,low,10,spaceship,,,30/09/2026 02:37
f61cf7b5-82aa-41c5-b81c-9949452fa74c,arrhenius.casino,available,14.99,159.99,high,low,9,namesilo,,,20/09/2026 09:11
5d2bc2e2-b049-481b-b80b-f21d65801a34,checker.casino,available,14.99,159.99,high,low,7,namesilo,,,24/09/2026 13:59
d9e4bb5b-d54e-45a3-88d3-a245f218653f,beneath.casino,available,6.98,191.98,medium,low,7,namecheap,,,28/09/2026 12:25
0b2c5c14-05da-4434-9f55-72797c4ec295,waxy.casino,available,6.98,191.98,medium,low,4,namecheap,,,09/08/2026 14:13
0adf2732-5e21-4b97-8f0d-13aeb48e4f71,fancied.casino,available,6.98,191.98,high,low,7,namecheap,,,17/08/2026 20:17
a7bff8de-c15a-43f0-90f4-50138b0e0543,arthropod.casino,available,14.99,159.99,medium,low,9,namesilo,,,20/09/2026 10:41
b5e2bed3-72a6-4bda-8f86-1df95af18cc3,crucified.casino,available,14.99,159.99,medium,low,9,namesilo,,,30/09/2026 06:13
52cbfe5d-220f-444a-9f75-4378d513742d,tame.casino,available,6.98,191.98,high,low,4,namecheap,,,11/09/2026 07:40
d0d4d830-61a6-4c77-9d92-daaba67fd64e,nonprofit.casino,available,6.98,191.98,high,low,9,namecheap,,,03/09/2026 18:33
a7d0fc09-5c56-485a-9c5d-e4f212651737,beany.casino,available,6.98,191.98,medium,low,5,namecheap,,,22/09/2026 20:33
8dd08480-31f1-4d08-a284-f7529ee30e44,thuringia.casino,available,14.99,159.99,medium,low,9,namesilo,,,30/09/2026 03:01
fd7e79e1-63c7-4bf7-8911-2ba8378b2560,consulted.casino,available,6.41,129.58,medium,low,9,spaceship,,,29/09/2026 16:59
a8869086-7779-4ccc-a993-f2dc84298b69,adobo.casino,available,14.99,159.99,medium,low,5,namesilo,,,17/09/2026 09:29
097d8f59-0b3b-40cb-8cbe-2af2f0c964a5,migrator.casino,available,6.98,191.98,medium,low,8,namecheap,,,24/08/2026 22:51
d16a0ee8-1f3f-46e9-8b26-49eba24efebc,cliffs.casino,available,14.99,159.99,high,low,6,namesilo,,,29/09/2026 11:04
6c6ba816-4e05-473b-b579-9f5569952139,came.casino,available,7.72,129.25,high,low,4,porkbun,,,30/09/2026 22:36
33655c03-aeba-4046-b8aa-e529122f5131,begun.casino,available,6.41,129.58,medium,low,5,spaceship,,,28/09/2026 08:15
66c3bd98-4b22-415a-be07-69a2eb0ed598,reanimated.casino,available,6.98,191.98,medium,low,10,namecheap,,,09/09/2026 10:58
fe5fd78b-313f-4d29-8c2d-132a8af49f45,kabul.casino,available,6.41,129.58,medium,low,5,spaceship,,,27/09/2026 12:08
ea37dde0-4dd8-4603-861b-a255e93a56eb,browse.casino,available,14.99,159.99,high,low,6,namesilo,,,29/09/2026 04:39
0f1c470b-e840-4fc7-835a-282b9c3535b7,boondocks.casino,available,14.99,159.99,medium,low,9,namesilo,,,21/09/2026 14:32
f3054655-2339-474a-a630-f5b525487e0e,cyber.casino,resell,,,high,medium,5,,,,27/09/2026 06:18
e0aa7138-77d3-4abd-8725-32d60bed1ed1,psychical.casino,available,6.98,191.98,medium,low,9,namecheap,,,09/09/2026 05:07
29990326-a3a2-4a03-81da-784d76ff1f26,fundamentally.casino,available,6.98,191.98,medium,low,13,namecheap,,,29/09/2026 20:57
2f81e290-63dd-4958-af52-00de65b86f5a,forbidden.casino,available,6.98,191.98,medium,low,9,namecheap,,,18/08/2026 10:59
57971928-93fb-438b-aa69-4210c6b3dbc0,supple.casino,available,6.98,191.98,high,low,6,namecheap,,,23/08/2026 11:09
5a5321af-0e1a-478e-b284-160d551b5089,grabbing.casino,available,6.41,129.58,medium,low,8,spaceship,,,29/09/2026 14:55
83350a1c-c3a9-4705-84cb-d5e287a90a56,bombs.casino,available,13.99,236.99,medium,low,5,name.com,,,25/09/2026 21:33
87d0f027-6653-4bca-add1-62384267c5b6,decision.casino,available,14.99,159.99,high,low,8,namesilo,,,24/09/2026 17:06
c3020cdf-cdda-479a-a645-5b6c2755dc73,adulteress.casino,available,14.99,159.99,medium,low,10,namesilo,,,17/09/2026 10:20
7f1e74f9-a8f3-4eb9-ade2-d6d48752c613,baguet.casino,available,6.98,191.98,medium,low,6,namecheap,,,21/09/2026 18:30
1dd16b06-88b4-4cf2-adc4-3035fae32f54,underwater.casino,available,6.98,191.98,medium,low,11,namecheap,,,16/09/2026 17:58
a207514a-9604-4604-b9d3-0f33876e0942,destinations.casino,available,14.99,159.99,high,low,12,namesilo,,,20/09/2026 11:44
502d1ab0-fe61-4a3f-857d-3a2ce0bde77c,scratches.casino,available,6.98,191.98,medium,low,9,namecheap,,,
6c98a4bc-42b6-4a7e-8cb1-708b3ba830b7,injured.casino,available,6.98,191.98,high,low,7,namecheap,,,22/08/2026 05:38
fca78483-ca7b-412a-9391-aea303c2adbd,wilmington.casino,available,14.99,159.99,high,low,10,namesilo,,,25/09/2026 11:01
830730fb-fefa-4cb5-b8f5-10d5c1afebd6,iraqi.casino,available,6.98,191.98,high,low,5,namecheap,,,22/08/2026 09:35
3919a434-7f86-4883-bd8a-34c16307d3d5,grenadian.casino,available,6.98,191.98,high,low,9,namecheap,,,20/08/2026 20:00
ebfc2d89-88cf-4376-9074-39ee82f3d5fc,agricultural.casino,available,125.2,125.2,high,low,12,cloudflare,,,30/09/2026 03:28
bdfb2497-7c35-4a75-b706-ee312447dbfb,prototypic.casino,available,6.98,191.98,medium,low,10,namecheap,,,06/08/2026 15:42
40d505ed-1884-4cfa-8571-5c74de3867b8,shelters.casino,available,14.99,159.99,medium,low,8,namesilo,,,20/09/2026 23:17
d0b35d57-0a79-4ec3-b030-85c90ba45ca3,cogent.casino,available,6.98,191.98,medium,low,6,namecheap,,,12/08/2026 15:33
6ad9e028-c921-4142-a1fb-0c6fdef1c977,tacitus.casino,available,7.72,129.25,high,low,7,porkbun,,,29/09/2026 07:01
201c1c7d-f0d2-414f-bfbf-0d86a4415b96,apulia.casino,available,14.99,159.99,medium,low,6,namesilo,,,19/09/2026 22:42
ca4e10b3-2645-4585-96d8-0b7937d292e9,bleat.casino,available,6.98,191.98,medium,low,5,namecheap,,,10/08/2026 13:37
acd47dfe-8c0d-44ad-9d8a-ad498224020e,aplomb.casino,available,6.98,191.98,high,low,6,namecheap,,,19/09/2026 17:47
2e2138d4-aa2e-4fcd-851f-c238d7afb05f,plodding.casino,available,6.98,191.98,medium,low,8,namecheap,,,08/09/2026 21:17
714ed68d-2ab6-4f43-8e02-5aec19c88c26,weary.casino,available,14.99,159.99,medium,low,5,namesilo,,,22/09/2026 15:10
68f46507-893a-4274-9314-8490c3b7ce59,albee.casino,available,14.99,159.99,high,low,5,namesilo,,,18/09/2026 02:31
ea053b09-9681-41a1-9856-6f616947fedd,loss.casino,available,6.41,129.58,high,low,4,spaceship,,,30/09/2026 03:21
e5b6e10f-f943-407c-8560-a5af5318374b,casualties.casino,available,14.99,159.99,medium,low,10,namesilo,,,27/09/2026 21:53
d951c5d9-9115-4309-801c-29bbd0453435,alcoholic.casino,available,6.98,191.98,high,low,9,namecheap,,,
ba7ff91a-ebf5-4258-93dd-0956fa5b8f34,illume.casino,available,6.98,191.98,high,low,6,namecheap,,,23/08/2026 02:41
7906dda2-1053-47f0-bef5-4404b935ec17,efficiency.casino,available,7.71,133.97,high,low,10,dynadot,,,30/09/2026 13:30
40458ef9-a28d-4128-912d-fd94245d47fc,neighbors.casino,available,14.99,159.99,high,low,9,namesilo,,,18/09/2026 09:55
d546c1fd-9271-443a-bb9a-4054931d41a6,fear.casino,available,14.99,159.99,high,low,4,namesilo,,,24/09/2026 12:06
6ecb0d43-cb51-45fb-adf5-98d3035bfa6f,terrifying.casino,available,125.2,125.2,medium,low,10,cloudflare,,,28/09/2026 02:19
34db3282-fa6c-4705-a7c8-6e685d671091,draws.casino,available,6.98,191.98,high,low,5,namecheap,,,
8ae586cd-51ea-4a5b-89bf-2519c0068564,cherubic.casino,available,6.98,191.98,high,low,8,namecheap,,,12/08/2026 04:25
25bf7ae4-d6a1-471f-85f6-76a03bb1ced3,ascription.casino,available,14.99,159.99,medium,low,10,namesilo,,,20/09/2026 13:27
ef36e21d-a751-4ccf-9116-5bd3b0cfcd87,normative.casino,available,6.98,191.98,medium,low,9,namecheap,,,03/09/2026 21:19
9b68cb8f-8164-4b7c-801a-f2cabc1b492e,parkinson.casino,available,6.41,129.58,medium,low,9,spaceship,,,02/10/2026 04:12
b71c8113-c873-493b-8836-82cfa6018beb,frontier.casino,resell,,,high,medium,8,,,,28/09/2026 09:50
86b90629-1ea3-47aa-abd7-917de2fc31f7,bribable.casino,available,6.98,191.98,medium,low,8,namecheap,,,11/08/2026 03:42
82d6ca82-e9ac-4e08-be9f-8d72b8857fb0,gus.casino,available,13.99,236.99,high,low,3,name.com,,,25/09/2026 15:07
2cefbe16-6ccb-4295-94a9-d0955cf29394,zane.casino,available,125.2,125.2,high,low,4,cloudflare,,,29/09/2026 04:01
50c96736-9789-427b-81c3-625e1fb2f4c7,hole.casino,available,6.41,129.58,medium,low,4,spaceship,,,29/09/2026 05:47
cebfe1ab-7e15-4be3-995b-7cda51cd52eb,anarchist.casino,available,14.99,159.99,high,low,9,namesilo,,,19/09/2026 02:24
9fd82396-7d4c-4f08-9701-e2e975100c7e,suite.casino,available,15.99,129.58,high,low,5,unstoppable,,,01/10/2026 01:44
8626e989-9aff-4093-ba21-239004acf6c7,fascination.casino,available,125.2,125.2,high,low,11,cloudflare,,,29/09/2026 16:24
ba9ffbaf-5731-4f1d-9b7f-85e9cacfd503,buried.casino,available,14.99,159.99,medium,low,6,namesilo,,,23/09/2026 11:29
1149e92f-5e96-4544-9872-b1f864e0906e,amenia.casino,available,6.98,191.98,medium,low,6,namecheap,,,18/09/2026 18:47
80338523-b84b-4ede-8010-e9aaa1d86900,lesser.casino,available,6.98,191.98,medium,low,6,namecheap,,,23/08/2026 00:24
38721d57-5971-4e49-8825-b0dbfc19e1fd,cesium.casino,available,14.99,159.99,medium,low,6,namesilo,,,20/09/2026 23:15
8578a2a4-4c1f-4fab-a97d-7088cded2960,principle.casino,available,6.41,129.58,high,low,9,spaceship,,,27/09/2026 15:26
ec0229b2-7b01-4d33-92c3-8585d1933657,agapornis.casino,available,6.98,191.98,medium,low,9,namecheap,,,17/09/2026 16:13
7f82f297-d18b-41bf-8291-456c811feef7,noodle.casino,available,14.99,159.99,high,low,6,namesilo,,,24/09/2026 06:38
e4d1a2da-34f6-494a-a8d0-eade5dbc4e27,due.casino,available,6.98,191.98,high,low,3,namecheap,,,22/09/2026 09:27
668d0990-cbfc-4dc7-af91-eb1d08d3f5db,rawlings.casino,available,14.99,159.99,medium,low,8,namesilo,,,30/09/2026 05:43
1ac83c8c-2258-4998-bb2c-30d653758f83,boned.casino,available,6.98,191.98,medium,low,5,namecheap,,,10/08/2026 18:34
bedac438-335d-439e-bbea-c908a402e071,absorbed.casino,available,14.99,159.99,high,low,8,namesilo,,,21/09/2026 14:58
960db140-a9d1-43ea-b584-792c587847fd,haywire.casino,available,6.98,191.98,medium,low,7,namecheap,,,
e447b500-a268-4e2b-be01-f0065736208a,doob.casino,available,6.98,191.98,medium,low,4,namecheap,,,21/09/2026 18:37
b666c04a-5cc3-46bf-9a58-789da4152ad5,voss.casino,available,125.2,125.2,medium,low,4,cloudflare,,,29/09/2026 03:14
f8b492c8-d674-4e86-9994-99cf0757a58a,valerie.casino,available,14.99,159.99,high,low,7,namesilo,,,26/09/2026 03:44
d0da2b78-3afd-4d41-b63d-6d8de4711047,appetency.casino,available,14.99,159.99,medium,low,9,namesilo,,,19/09/2026 20:43
d2166aad-5341-4fe5-8226-0c17df9ffb8c,any.casino,resell,,,high,medium,3,Dynadot Inc,08/01/2026 11:37,08/01/2027 11:37,26/09/2026 03:55
5b215d2d-a253-4fba-9f35-007cd0046217,lethal.casino,available,6.98,191.98,high,low,6,namecheap,,,23/08/2026 00:26
22a81003-57dc-4e2a-8ef2-68c79910c8c5,insulin.casino,available,125.2,125.2,high,low,7,cloudflare,,,29/09/2026 19:20
42b02397-7b8e-4cbc-940c-c6d344da3831,expulsion.casino,available,15.99,277.99,medium,low,9,godaddy,,,30/09/2026 01:29
cccb0e57-466c-402c-8f45-c9269dba01ab,preference.casino,available,6.41,129.58,high,low,10,spaceship,,,29/09/2026 16:57
1c9f8684-0dc6-401e-9353-1c30576ec577,loved.casino,available,14.99,159.99,high,low,5,namesilo,,,25/09/2026 14:27
f768256c-38cc-47be-8ee8-f4a4659fe4d3,surd.casino,available,6.98,191.98,medium,low,4,namecheap,,,11/09/2026 03:41
65b4716e-51fc-4846-9192-39e72ac42ce7,travers.casino,available,125.2,125.2,medium,low,7,cloudflare,,,28/09/2026 16:18
4eeca48d-7f10-49dc-9c65-6378d3adc3c0,invention.casino,available,14.99,159.99,high,low,9,namesilo,,,28/09/2026 02:09
43acb72d-ecf4-4940-a096-965f1b32b632,unforeseen.casino,available,6.98,191.98,high,low,10,namecheap,,,04/09/2026 18:50
7292801f-34f5-4188-88c2-8ff9118530b8,andrey.casino,available,7.72,129.25,high,low,6,porkbun,,,29/09/2026 15:52
4f69b9de-c37e-47ea-abfa-96cfdc6d6f3c,violently.casino,available,14.99,159.99,medium,low,9,namesilo,,,16/09/2026 11:00
1eeb134a-4336-4d53-b15f-69236ad38122,gresham.casino,available,15.99,,medium,low,7,unstoppable,,,29/09/2026 01:08
09b1b13d-27a1-472d-a178-51b0d19bbb21,audiology.casino,available,14.99,159.99,medium,low,9,namesilo,,,21/09/2026 02:56
76a4d38b-86f6-45ff-a77c-4aafecd0bf0d,libidinous.casino,available,6.98,191.98,medium,low,10,namecheap,,,22/08/2026 20:09
f8551f53-8e7e-49aa-b0ad-e14ad62f6352,irons.casino,available,6.41,129.58,medium,low,5,spaceship,,,29/09/2026 07:52
57bac4c6-349b-4c17-90e3-5fda17627c09,astonished.casino,available,14.99,159.99,high,low,10,namesilo,,,22/09/2026 03:35
b40151fd-8fad-4d90-a6ef-a2454b50b082,attitudes.casino,available,6.41,129.58,medium,low,9,spaceship,,,29/09/2026 23:34
a0742d2a-1a19-43da-915a-ec7afecb715b,chorus.casino,available,7.71,133.97,high,low,6,dynadot,,,29/09/2026 08:55
8c418f41-900f-4385-ac18-45aaf772a064,ungraded.casino,available,6.98,191.98,medium,low,8,namecheap,,,14/08/2026 09:06
9a6916db-c270-41c2-b9ba-403f452014ed,abbreviation.casino,available,14.99,159.99,medium,low,12,namesilo,,,01/10/2026 12:48
ecc62d9b-4a79-4c98-8513-d09a8c4b6d17,reincarnation.casino,available,6.41,129.58,high,low,13,spaceship,,,30/09/2026 23:11
364cf425-5e47-4455-9e77-c4954b6a41da,primacy.casino,available,14.99,159.99,high,low,7,namesilo,,,01/10/2026 03:21
416b795a-39f1-48f5-8685-7c0cee09a0d1,opioids.casino,available,15.99,,low,low,7,unstoppable,,,30/09/2026 16:12
933190a3-d3b2-4f1e-9292-a72f969e8dd7,lieutenant.casino,available,14.99,159.99,high,low,10,namesilo,,,28/09/2026 02:16
55551299-9047-41a7-8d3f-50eb96fd4874,nag.casino,available,14.99,159.99,high,low,3,namesilo,,,24/09/2026 16:35
c6a0ef70-5666-428c-b5dd-94fcb1af57f0,chaplain.casino,available,125.2,125.2,medium,low,8,cloudflare,,,30/09/2026 09:06
71e7ce63-60a0-4e92-ac6e-7ca667231743,predecessor.casino,available,6.41,129.58,high,low,11,spaceship,,,30/09/2026 11:38
8a58ddfc-4deb-496d-83a0-68e52df1d905,sensorial.casino,available,6.98,191.98,medium,low,9,namecheap,,,10/09/2026 03:46
d17eec30-a991-42d5-87bd-9ada82313e84,trevor.casino,available,6.98,191.98,high,low,6,namecheap,,,26/09/2026 03:30
a8258572-a1b3-49e8-b8a8-112d3a682d24,temporary.casino,available,14.99,159.99,high,low,9,namesilo,,,25/09/2026 07:53
029f78d8-9b0c-4a4c-ab9c-2dda220279ec,swagman.casino,available,6.98,191.98,medium,low,7,namecheap,,,11/09/2026 05:01
71f94a6b-58bf-402a-8f35-a0225ceb39c2,congruous.casino,available,6.98,191.98,medium,low,9,namecheap,,,12/08/2026 21:56
b4130d6e-247c-4401-ab43-3002b2ea9d4c,bala.casino,available,14.99,159.99,medium,low,4,namesilo,,,28/09/2026 22:20
f67cd8e6-87f8-4550-909e-491157ffc7b3,furness.casino,available,14.99,159.99,medium,low,7,namesilo,,,30/09/2026 05:24
d7689ed4-16f7-4c83-bb77-571aff782c21,argentinian.casino,available,6.41,129.58,high,low,11,spaceship,,,30/09/2026 03:20
420f2bf8-f8f9-4245-973a-d41a3b36884c,ascensive.casino,available,6.98,191.98,medium,low,9,namecheap,,,07/08/2026 00:46
85bb2fde-59d4-4a9f-a4db-b600b50e0cf3,coniferous.casino,available,6.98,191.98,high,low,10,namecheap,,,12/08/2026 20:37
f069d760-4c46-4502-a865-13fbad083148,zealot.casino,available,6.98,191.98,medium,low,6,namecheap,,,08/09/2026 02:10
bd20189c-9752-4105-b03f-bb77b363f508,planless.casino,available,6.98,191.98,medium,low,8,namecheap,,,
836bc76e-bdab-4a80-bda2-fcc0e0231a97,pianos.casino,available,14.99,159.99,medium,low,6,namesilo,,,20/09/2026 09:12
335c47b2-751e-464f-abce-4a4fc80ea879,seltzer.casino,available,6.98,191.98,high,low,7,namecheap,,,24/09/2026 12:47
dcd848c7-9e29-4850-bab5-9984e3ccaf30,veiled.casino,available,6.98,191.98,medium,low,6,namecheap,,,13/09/2026 01:50
79f6d9a8-1fad-4c83-a7f9-c8f9543b0097,doubted.casino,available,6.41,129.58,low,low,7,spaceship,,,29/09/2026 16:14
fb6a4a0b-1691-4582-80b8-4e94240edb67,numinous.casino,available,6.98,191.98,medium,low,8,namecheap,,,03/09/2026 23:01
1fd0c84e-e48e-43a1-b77f-89bfd009494a,abloom.casino,available,6.98,191.98,medium,low,6,namecheap,,,
8a80041f-7679-4385-bb5f-e9386fe84187,pillage.casino,available,6.98,191.98,medium,low,7,namecheap,,,08/09/2026 21:56
368f34e0-3866-434a-a345-9b8f9a28e755,lineal.casino,available,6.98,191.98,medium,low,6,namecheap,,,23/08/2026 14:16
49d1271a-fd4a-4c06-a5bb-b8102dfa28ea,spice.casino,resell,,,high,low,5,,,,30/09/2026 11:40
4dffce8e-65dd-4cb9-89e7-0c99c2de2cd2,governors.casino,available,15.99,,low,low,9,unstoppable,,,01/10/2026 16:31
62fc75c0-76aa-4444-871d-641bc9eb9cd1,krakow.casino,available,125.2,125.2,high,low,6,cloudflare,,,01/10/2026 01:37
557c9b4f-ac3d-47f6-8490-208aed0f2884,keeled.casino,available,6.98,191.98,medium,low,6,namecheap,,,11/08/2026 19:16
7bd5dcdb-6128-4e49-a94d-88a406cf4f63,affined.casino,available,6.98,191.98,medium,low,7,namecheap,,,
f57c95a1-0955-4afb-b18c-bd9a2430a5cf,vibrant.casino,available,6.98,191.98,high,low,7,namecheap,,,13/09/2026 05:05
4988b1f5-22b4-4e53-bf97-11e8f0a5ca2b,invasive.casino,available,6.98,191.98,medium,low,8,namecheap,,,16/08/2026 23:54
739fec04-85ba-4ab6-801d-77f6529c7ff2,cycle.casino,available,6.98,191.98,high,low,5,namecheap,,,08/09/2026 12:19
edeb4220-fbef-4996-b8fd-124331b1c012,additive.casino,available,6.98,191.98,high,low,8,namecheap,,,
1b7725e4-1dcf-44e7-acd0-cb125dcf3dc2,monsters.casino,available,14.99,159.99,high,medium,8,namesilo,,,27/09/2026 03:16
3b3d09f6-6d84-4ee9-b77e-eb22487e5356,perplexing.casino,available,6.98,191.98,medium,low,10,namecheap,,,08/09/2026 17:58
2e69d75b-f631-432b-b05b-e7c6dbc6a16f,tot.casino,available,14.99,159.99,high,low,3,namesilo,,,22/09/2026 00:39
154c7d26-eb26-4af2-924e-1fd2d6e7864b,monotony.casino,available,6.98,191.98,medium,low,8,namecheap,,,21/08/2026 15:10
11a1554e-e271-4556-86fb-5aaa75957e44,breathtaking.casino,available,14.99,159.99,high,low,12,namesilo,,,01/10/2026 10:31
674fb4f7-d989-4117-bb23-def7584f1663,antiviral.casino,available,6.98,191.98,high,low,9,namecheap,,,05/08/2026 20:06
0d6b32ca-d852-4f87-8835-7e880cf27327,gainfully.casino,available,6.98,191.98,medium,low,9,namecheap,,,14/09/2026 20:58
4aa80278-6337-4e9f-bd2f-43e32e0cc239,abbots.casino,available,7.71,133.97,medium,low,6,dynadot,,,30/09/2026 14:11
2cd8139d-a0f4-487d-b754-a1d964d35343,continents.casino,available,14.99,159.99,medium,low,10,namesilo,,,18/09/2026 12:00
6e7d193a-136d-4bcc-8408-29626dcfc20f,undesirable.casino,available,125.2,125.2,medium,low,11,cloudflare,,,01/10/2026 06:47
bbe45137-f201-4a82-9e3a-63c96625baca,lowered.casino,available,14.99,159.99,medium,low,7,namesilo,,,25/09/2026 15:26
65ba7668-6aba-47d8-90d1-1a99bff15abd,princely.casino,available,6.98,191.98,high,low,8,namecheap,,,14/08/2026 01:00
06ec7ede-3b6c-4348-8e68-ea693f9e8695,somehow.casino,available,14.99,159.99,medium,low,7,namesilo,,,28/09/2026 15:41
16c63a73-7b19-4a99-84da-03c6d5361c58,norfolk.casino,available,125.2,125.2,high,low,7,cloudflare,,,30/09/2026 05:50
530e2958-58d0-4559-b421-0450f11abb46,briefcase.casino,available,6.41,129.58,high,low,9,spaceship,,,29/09/2026 04:11
35478d0b-4fc4-4346-83ce-bab53112c11d,readings.casino,available,14.99,159.99,medium,low,8,namesilo,,,28/09/2026 23:42
1496be74-0c27-4270-9327-571a7652ca0a,vaporized.casino,available,6.98,191.98,medium,low,9,namecheap,,,18/08/2026 20:28
6e8ce8ed-d45b-4b83-b871-d0ed2b713446,parked.casino,available,6.98,191.98,high,low,6,namecheap,,,08/09/2026 01:36
e279c5f3-0a3c-40b1-82c6-2a19beaba884,orders.casino,available,6.98,191.98,high,low,6,namecheap,,,18/09/2026 14:04
27c22766-3ab6-42f0-8268-4a9485c152b9,airflow.casino,available,14.99,159.99,high,low,7,namesilo,,,17/09/2026 22:13
5e476991-78f4-4d73-93f4-6ea501db04fe,fitch.casino,available,15.99,,medium,low,5,unstoppable,,,29/09/2026 12:21
8dc3ee1c-dec6-419e-87e2-168d5fa5b5f8,clv.casino,available,6.98,191.98,high,low,3,namecheap,,,
52616cc9-cd69-4b46-af9a-a119ceec6398,camisole.casino,available,14.99,159.99,high,low,8,namesilo,,,24/09/2026 11:52
951f451d-0342-4d71-9fd1-3864e1e0fa77,builds.casino,available,125.2,125.2,medium,low,6,cloudflare,,,28/09/2026 17:56
d85ffc14-2274-414b-8f52-b187737cf93e,savannah.casino,available,7.72,129.25,high,low,8,porkbun,,,30/09/2026 02:47
52a4c63b-6bc1-4a79-a0e6-8abded1b7b09,worse.casino,available,14.99,159.99,high,low,5,namesilo,,,28/09/2026 10:56
e6799c4f-640e-4d37-a1e2-a48e76e2dacf,plane.casino,available,6.98,191.98,high,low,5,namecheap,,,24/09/2026 19:36
999fd44b-7f4d-41fc-b5a9-5c764ba87ef5,pages.casino,available,14.99,159.99,high,low,5,namesilo,,,17/09/2026 10:38
52d77d7a-f4e7-4b5a-b3be-51e5fe6185f7,raisins.casino,available,6.98,191.98,medium,low,7,namecheap,,,02/10/2026 02:55
80e4823f-de55-47ce-a0fe-894febb2fd07,deadlocked.casino,available,13.99,236.99,medium,low,10,name.com,,,13/08/2026 19:27
5ee2cc28-664c-4edc-a442-3f049fd1c72e,unreactive.casino,available,6.98,191.98,medium,low,10,namecheap,,,12/09/2026 17:50
01080a34-005f-4e2d-be16-b55f927b9dc0,assassination.casino,available,6.41,129.58,medium,low,13,spaceship,,,28/09/2026 11:16
0662c11c-a8f5-48be-ae27-f899a4884681,stakeholder.casino,available,14.99,159.99,high,low,11,namesilo,,,29/09/2026 08:31
4bfceaa9-aa23-4f75-8273-091740e5889b,opponents.casino,available,14.99,159.99,low,low,9,namesilo,,,29/09/2026 16:42
dd273f9c-bf70-4d3b-a4a0-05bd33c8c3d3,labor.casino,available,15.99,,high,low,5,unstoppable,,,28/09/2026 07:28
30819f0e-30ff-4e1c-a59b-244049e6223a,offroader.casino,available,14.99,159.99,medium,low,10,namesilo,,,18/09/2026 09:00
091cb4b3-facc-4acd-b210-0e014c3793ef,fused.casino,available,14.99,159.99,high,low,5,namesilo,,,22/09/2026 03:03
e885677f-9511-4968-b4f1-cbf9f644703a,amos.casino,available,14.99,159.99,high,low,4,namesilo,,,18/09/2026 22:51
beb6bde9-4785-4299-a575-d44af8505805,territories.casino,available,7.71,133.97,medium,low,11,dynadot,,,30/09/2026 05:50
2e942128-a409-463b-b626-6447b8d42e34,occur.casino,available,14.99,159.99,high,low,5,namesilo,,,29/09/2026 22:05
9cc4e436-b336-4418-818d-23f4420b6862,wan.casino,available,6.98,191.98,high,low,3,namecheap,,,04/09/2026 23:53
021c6aaa-6ed8-4451-8420-aa249c19514e,amount.casino,available,6.98,191.98,high,low,6,namecheap,,,29/09/2026 07:57
2667cc7d-c4da-4efb-a469-fb9ef7a040e6,choirs.casino,available,6.98,191.98,medium,low,6,namecheap,,,17/09/2026 06:51
b9d767b3-cc1b-4c7d-bbab-f4df5105560a,mover.casino,available,125.2,125.2,high,low,5,cloudflare,,,02/10/2026 05:49
c9dd664d-2299-4994-b3cf-82948afbff36,exuberant.casino,available,6.98,191.98,high,low,9,namecheap,,,14/08/2026 23:21
e3595b29-2323-46ab-901d-9f2600389fd4,mohammed.casino,available,6.41,129.58,high,low,8,spaceship,,,30/09/2026 17:57
babdf9b8-3d5c-4a0d-ae6f-e5376de01d52,blood.casino,available,6.98,191.98,high,low,5,namecheap,,,27/09/2026 03:17
81f5e9d3-650e-4194-b232-72b416e63410,wilton.casino,available,6.41,129.58,high,low,6,spaceship,,,30/09/2026 19:06
dad2991a-eb76-4170-abd4-1f1bffb82eeb,balalaika.casino,available,6.98,191.98,high,low,9,namecheap,,,21/09/2026 20:48
a8fa66a6-7435-426e-b159-05dbf9ec8292,activeness.casino,available,14.99,159.99,medium,low,10,namesilo,,,17/09/2026 05:11
bbfb704b-154d-4f76-a54f-496b8cf540de,unquestionable.casino,available,17.99,,medium,low,14,name.com,,,
dae7263c-c5fe-4abc-b0f3-d9b47c83e1c2,kirkwood.casino,available,14.99,159.99,medium,low,8,namesilo,,,29/09/2026 10:55
a51d3c65-f79c-423d-893b-995bc720d050,shaper.casino,available,14.99,159.99,high,low,6,namesilo,,,30/09/2026 03:43
01229be2-f13a-4d52-87d2-f4387b975719,respite.casino,available,14.99,159.99,high,low,7,namesilo,,,16/09/2026 14:06
b006a3ad-cc84-419e-9a2c-569d622a29e1,drunken.casino,available,6.98,191.98,medium,low,7,namecheap,,,09/08/2026 19:02
d3d00626-e6e0-4124-b528-ee6ae33742bd,bbs.casino,available,6.98,191.98,high,low,3,namecheap,,,22/09/2026 18:34
6f7810d2-5a3e-4df5-b8b4-265d9bc3d3ff,roberts.casino,available,14.99,159.99,high,low,7,namesilo,,,22/09/2026 09:19
f34ff5fe-e98c-402f-8839-b54eeaaf8279,kinda.casino,available,6.41,129.58,high,low,5,spaceship,,,28/09/2026 16:02
b14b2bd8-81d7-4885-b1f3-f1d6f66a228c,limits.casino,available,6.98,191.98,medium,low,6,namecheap,,,18/09/2026 15:06
1063e821-8642-46b8-807f-a0c199ff2580,porch.casino,available,125.2,125.2,high,low,5,cloudflare,,,27/09/2026 15:20
32c0d0e8-b9da-4cd2-b652-26598cbe56ad,encouraging.casino,available,7.72,129.25,high,low,11,porkbun,,,01/10/2026 06:18
d2ce775c-1f38-44de-971f-32c87a61d588,finis.casino,available,6.98,191.98,high,low,5,namecheap,,,12/08/2026 12:06
d41f5a19-3eb1-4e3a-9437-23f915873d06,dysprosium.casino,available,6.98,191.98,medium,low,10,namecheap,,,20/09/2026 23:28
3b080f1a-974c-4863-9fbc-bc860dec1a92,adopting.casino,available,14.99,159.99,medium,low,8,namesilo,,,30/09/2026 06:46
32f346f5-d42f-4e81-9469-384037120361,niner.casino,available,6.98,191.98,medium,low,5,namecheap,,,
8ca09a76-88b6-4756-b876-29e574919367,roll.casino,resell,,,high,low,4,"Sav.com, LLC - 2",15/07/2026 15:15,15/07/2027 15:15,27/09/2026 15:56
dc5b0fee-cb16-4dd1-a473-3d7394e96d40,fell.casino,available,6.98,191.98,medium,low,4,namecheap,,,08/08/2026 15:49
f8ee65dc-dc62-4c23-9aa8-acb1b516828f,angelique.casino,available,14.99,159.99,high,low,9,namesilo,,,19/09/2026 05:58
a214a73d-02b2-4165-a381-c7e6e5278afc,naacp.casino,available,14.99,159.99,medium,low,5,namesilo,,,25/09/2026 13:20
efd1d321-f505-4219-8c0c-e23e89ff8397,bacchante.casino,available,14.99,159.99,medium,low,9,namesilo,,,21/09/2026 13:59
ce75d854-d65e-4676-b24b-ab2c7bef19de,vientiane.casino,available,125.2,125.2,medium,low,9,cloudflare,,,01/10/2026 01:16
9e1422db-0ec2-4988-a5a0-092e8e2eba17,grouch.casino,available,6.98,191.98,medium,low,6,namecheap,,,13/08/2026 04:56
a995f45e-c5bd-4e44-9133-af575b8b5d81,attracted.casino,available,14.99,159.99,high,low,9,namesilo,,,26/09/2026 03:10
2df184df-8dba-4d08-8a5f-243cb515e676,grooved.casino,available,6.98,191.98,medium,low,7,namecheap,,,20/08/2026 20:17
610b75c9-7d25-472f-a5fe-7d345cfa96f2,aloneness.casino,available,6.98,191.98,medium,low,9,namecheap,,,18/09/2026 13:12
caee91cb-c677-4bd8-8785-71d950cfa3b1,unowned.casino,available,6.98,191.98,medium,low,7,namecheap,,,04/09/2026 22:16
f0fc8040-c754-4c0d-88f0-6d952c6bd072,patience.casino,available,14.99,159.99,high,low,8,namesilo,,,25/09/2026 06:07
9fbfe15e-1e67-4561-ae39-c9d30bb87d33,governance.casino,available,6.98,191.98,high,low,10,namecheap,,,20/08/2026 17:22
b4845cc8-2959-4755-9299-235e4319c58f,satire.casino,available,14.99,159.99,high,low,6,namesilo,,,24/09/2026 13:17
c15828d4-d796-4d10-8a46-a7e54732bfdf,wrinkled.casino,available,6.98,191.98,medium,low,8,namecheap,,,12/09/2026 13:50
7b1aad2f-bf9c-4f2c-bd03-8c4c4c72408c,sighted.casino,available,6.41,129.58,high,low,7,spaceship,,,27/09/2026 21:56
ef4c4cb7-0871-47dc-b9b5-ff13962ad950,cyclonic.casino,available,13.99,236.99,medium,low,8,name.com,,,13/08/2026 13:42
13ec520c-fdf2-4398-bba8-305ee4c27d4c,coconut.casino,available,6.41,129.58,high,low,7,spaceship,,,29/09/2026 10:13
a930bed4-ea6c-4be7-b237-23c6864d9094,mcwilliams.casino,available,6.41,129.58,medium,low,10,spaceship,,,02/10/2026 01:12
b776806c-a4a7-493f-b197-c7b03c082543,deceit.casino,available,15.99,,medium,low,6,unstoppable,,,30/09/2026 16:58
de330d1b-b7fd-453f-a430-f8c307a27ad3,beriberi.casino,available,6.98,191.98,medium,low,8,namecheap,,,23/09/2026 09:23
c51baa83-3b5b-428f-993c-24650a44ea2a,favorable.casino,available,14.99,159.99,high,low,9,namesilo,,,24/09/2026 17:21
772704e0-1b9f-4018-82ff-00f10fcb9e17,allowable.casino,available,6.98,191.98,high,low,9,namecheap,,,
6ced8a5d-3b1a-4ede-8d16-82690162de6f,desolate.casino,available,6.98,191.98,medium,low,8,namecheap,,,08/08/2026 21:07
c6d19596-ab7b-4a6f-a63f-26709249ab8b,exclaims.casino,available,14.99,159.99,medium,low,8,namesilo,,,19/09/2026 23:36
ef621201-c3bc-48b2-9944-3d05ca989af8,trend.casino,resell,,,high,low,5,Dynadot Inc,19/03/2026 19:27,19/03/2027 19:27,27/09/2026 20:56
a9f580a5-8e0c-4468-b3f2-7d0e8eac25cd,antipasto.casino,available,14.99,159.99,medium,low,9,namesilo,,,19/09/2026 14:52
104cde36-06c3-4a14-a451-c7bc65ab3f74,barter.casino,available,14.99,159.99,high,low,6,namesilo,,,29/09/2026 01:18
7b1bfa59-b1ce-41e6-ab4b-6b704da2624b,afterward.casino,available,6.98,191.98,medium,low,9,namecheap,,,
3b5538cd-8f5f-40ca-a122-77013289b937,easygoing.casino,available,6.98,191.98,high,low,9,namecheap,,,13/08/2026 12:00
755280c0-8e01-4ea2-bfdc-3f337944be6b,lusaka.casino,available,13.99,236.99,medium,low,6,name.com,,,24/09/2026 12:35
cf74d097-c483-4c30-97d8-dfe8580987af,garb.casino,available,6.98,191.98,high,low,4,namecheap,,,19/09/2026 19:56
46301fa6-965d-4df1-9876-1067dcd4df36,amoy.casino,available,14.99,159.99,medium,low,4,namesilo,,,18/09/2026 23:05
e2d738b2-c8e5-4c0d-a291-b50dd0c2d8df,leslie.casino,available,14.99,159.99,medium,low,6,namesilo,,,25/09/2026 14:15
7f007120-6f4c-49c9-b09a-247d30d272d8,crossways.casino,available,6.98,191.98,medium,low,9,namecheap,,,14/09/2026 09:48
088276cf-056b-467b-9bf2-872564916593,unpaired.casino,available,6.98,191.98,medium,low,8,namecheap,,,12/09/2026 15:30
035801be-dda1-4f28-a6b1-f8c8e821cb89,shark.casino,resell,,,high,low,5,"Sav.com, LLC - 48",05/07/2026 15:15,05/07/2027 15:15,26/09/2026 08:58
fd52a768-055c-46bf-a190-cda74312b678,buttonlike.casino,available,6.98,191.98,medium,low,10,namecheap,,,09/08/2026 03:39
248e40d6-fa75-45c6-a36d-72470ed0c1af,castro.casino,available,14.99,159.99,medium,low,6,namesilo,,,28/09/2026 09:15
ea9ff92f-2afc-4d4c-86be-1c5eb6b145bd,moreno.casino,available,14.99,159.99,medium,low,6,namesilo,,,27/09/2026 10:16
db3b2be9-862e-4a9b-9499-37a34f03e985,netting.casino,available,14.99,159.99,high,low,7,namesilo,,,01/10/2026 21:08
a48e8dfa-637b-4ca5-b01d-3a9ee10be137,frigid.casino,available,6.98,191.98,medium,low,6,namecheap,,,18/08/2026 15:46
8a2cd1b0-8c79-49ac-8750-85dd8c0f23e1,sunstruck.casino,available,6.98,191.98,medium,low,9,namecheap,,,11/09/2026 02:01
c91687c2-30b8-49f0-a595-cf824f6378b4,indicator.casino,available,15.99,,high,low,9,unstoppable,,,29/09/2026 19:19
7005045f-388e-469c-b560-3335e52894d2,epidural.casino,available,6.98,191.98,high,low,8,namecheap,,,17/08/2026 10:52
962a9997-fc63-40cc-bee8-83ffd54ee39a,chaplin.casino,available,6.41,129.58,high,low,7,spaceship,,,28/09/2026 18:39
35c76efb-c515-4f39-98f4-cc1a102f4821,entangle.casino,available,6.98,191.98,medium,low,8,namecheap,,,24/08/2026 16:54
d2d53d29-7b4d-409c-9c10-503281a5f4f3,tremulous.casino,available,6.98,191.98,medium,low,9,namecheap,,,09/09/2026 07:46
5bdb3261-b495-4b2d-95ea-176f7b74b933,fleischer.casino,available,125.2,125.2,high,low,9,cloudflare,,,30/09/2026 16:27
01c0b9d1-5249-45fb-bab2-aec168271d63,detonation.casino,available,125.2,125.2,medium,low,10,cloudflare,,,30/09/2026 08:10
2867cddc-fe0d-48da-88b9-f45cb1c3941a,nondrinker.casino,available,6.98,191.98,medium,low,10,namecheap,,,
e07a9fd5-2235-4438-95c6-fab4a87ebf59,anyplace.casino,available,6.98,191.98,high,low,8,namecheap,,,13/09/2026 20:15
c81a45f2-6a2f-4f64-95d1-db6cce3dbbb4,augur.casino,resell,,,high,low,5,Dynadot Inc,25/03/2026 14:52,25/03/2027 14:52,26/09/2026 04:08
cca7bb48-d3d7-4617-9383-c22716ba012b,untypical.casino,available,6.98,191.98,medium,low,9,namecheap,,,07/08/2026 16:10
bbb0a7f2-9daf-4476-a311-3807da99f072,rayless.casino,available,6.98,191.98,medium,low,7,namecheap,,,09/09/2026 10:46
1c4e6a3c-2e43-4dca-8a22-0c80657c3270,footballs.casino,available,14.99,159.99,high,low,9,namesilo,,,20/09/2026 06:56
1a1dcdb8-2d7a-4d56-8e80-1a0ded4a3866,orbital.casino,available,6.98,191.98,high,low,7,namecheap,,,04/09/2026 17:35
c2771206-8bb8-4b6c-ab12-87f4cfacd1c7,afghani.casino,available,6.98,191.98,medium,low,7,namecheap,,,
2012b891-faf1-4064-8f78-10caacf2a847,overnight.casino,available,14.99,159.99,high,low,9,namesilo,,,22/09/2026 00:44
712bcd50-c24f-4ce1-987f-0b48d4178155,petite.casino,available,6.98,191.98,medium,low,6,namecheap,,,08/08/2026 14:24
8b57404a-6ad0-48f5-82bf-8344234287e8,azote.casino,available,14.99,159.99,medium,low,5,namesilo,,,21/09/2026 11:27
7420349e-a1db-4541-9a46-235d96c7ddc9,racetrack.casino,available,125.2,125.2,high,low,10,cloudflare,,,30/09/2026 18:25
3929a7f7-2a69-4b49-b7ea-c9d27d33fc91,baguette.casino,available,7.72,129.25,high,low,8,porkbun,,,29/09/2026 00:33
b1e66950-255f-4508-8444-ae1fdef17e2b,rustless.casino,available,6.98,191.98,medium,low,8,namecheap,,,09/09/2026 20:19
5f0096ce-8c85-4550-b65f-f626717dbbd2,parasitic.casino,available,6.98,191.98,medium,low,9,namecheap,,,17/08/2026 10:15
9716e1ce-0f4f-453d-9160-c58ee491f5d4,unleashed.casino,available,6.41,129.58,high,low,9,spaceship,,,30/09/2026 16:26
6f0d5e40-3dd7-4155-bd6b-5d17500e59b9,europium.casino,available,6.98,191.98,medium,low,8,namecheap,,,20/09/2026 23:26
41432428-f137-4f1e-899c-5c655db05f32,nutritive.casino,available,6.98,191.98,high,low,9,namecheap,,,08/09/2026 09:04
db9f1459-24c9-4cbb-b914-b9d33c499046,salisbury.casino,available,14.99,159.99,high,low,9,namesilo,,,24/09/2026 12:37
f1e3f557-6b9a-49a4-b22a-fc295c9e2a7a,moorish.casino,available,6.98,191.98,high,low,7,namecheap,,,25/08/2026 05:59
8b739d40-0072-4f9b-a5d5-a4689021903f,immanent.casino,available,6.98,191.98,medium,low,8,namecheap,,,21/08/2026 20:50
a1e08f30-2adf-44f7-9e75-799e63b836ec,polonium.casino,available,6.98,191.98,medium,low,8,namecheap,,,20/09/2026 23:54
39330624-045c-4629-b3e6-db4841669812,negligence.casino,available,6.98,191.98,high,low,10,namecheap,,,29/09/2026 07:40
8dc0f1ee-c87e-48f3-8225-b84327489e1b,laurens.casino,available,14.99,159.99,medium,low,7,namesilo,,,29/09/2026 07:10
7a8fd9dd-c6c1-428d-b9c2-d3377fbe6ebc,meddling.casino,available,6.98,191.98,medium,low,8,namecheap,,,11/08/2026 11:24
78fbdce4-bf7a-4b67-8ce6-e802344328bd,streams.casino,resell,,,medium,low,7,,,,29/09/2026 16:56
bb52e46d-4678-4f3e-aaa0-42675ac0e6f7,forwarded.casino,available,15.99,,medium,low,9,unstoppable,,,02/10/2026 03:19
345aa271-7470-45ea-b7b3-18e0dd8056e2,wrists.casino,available,14.99,159.99,medium,low,6,namesilo,,,20/09/2026 10:52
fad49767-5edb-4007-8514-5f6e673d56a1,hassium.casino,available,14.99,159.99,medium,low,7,namesilo,,,20/09/2026 22:10
81383479-44db-45fe-a87e-fb5de5b56817,wilbur.casino,available,6.98,191.98,high,low,6,namecheap,,,27/09/2026 07:43
81f3eb57-9241-41b8-a8f2-0518358ac142,potbound.casino,available,6.98,191.98,medium,low,8,namecheap,,,09/09/2026 00:44
2062e855-0dd1-412b-9781-593c4d2f0c04,amblyopia.casino,available,6.98,191.98,medium,low,9,namecheap,,,18/09/2026 17:11
d780faaa-a059-477f-82ef-c75110857042,pleb.casino,available,6.98,191.98,medium,low,4,namecheap,,,08/09/2026 21:04
b3574299-336f-469a-b66c-f35d0c6c0024,mustache.casino,available,125.2,125.2,high,low,8,cloudflare,,,29/09/2026 19:43
33f10f98-b2b6-4c28-8ef2-6fd2f1a65c00,spies.casino,available,15.99,,medium,low,5,unstoppable,,,28/09/2026 12:49
e8010ac3-8278-4927-9160-c2a1988d64a7,cutaneous.casino,available,13.99,236.99,medium,low,9,name.com,,,13/08/2026 12:54
9f6e2584-6bb6-42cc-8fe7-ed37bf668cfb,acrophobia.casino,available,14.99,159.99,medium,low,10,namesilo,,,17/09/2026 03:53
56350aac-91aa-42bf-9f23-d8bac031a997,jetting.casino,available,6.98,191.98,high,low,7,namecheap,,,22/08/2026 13:09
ed5f4010-f7ea-4b26-9a50-05ed91a432ea,simplicity.casino,available,15.99,159.99,high,low,10,unstoppable,,,29/09/2026 08:19
0d27696a-c9a3-47e0-9e12-90cce6f107b7,smelling.casino,available,6.41,129.58,high,low,8,spaceship,,,27/09/2026 22:56
e3bd7255-3070-4a99-bd07-2ff23c937e14,spiteful.casino,available,6.98,191.98,medium,low,8,namecheap,,,14/08/2026 04:20
679515c3-dedd-416f-8c3b-20b9356b0d88,stabilization.casino,available,14.99,159.99,medium,low,13,namesilo,,,17/09/2026 17:23
abb63f80-a793-4f7b-a7f0-0ea41283995b,braw.casino,available,6.98,191.98,medium,low,4,namecheap,,,11/08/2026 02:45
27a0e0dc-55d2-4fb6-a76d-8c0cfb04381f,montenegrin.casino,available,6.98,191.98,high,low,11,namecheap,,,29/09/2026 21:21
3632b55f-117c-4bc7-8ee6-24c6222c6220,naming.casino,available,6.41,129.58,high,low,6,spaceship,,,28/09/2026 08:38
ecb50cce-5733-4d1d-b260-d9e912f7cae2,drought.casino,available,6.41,129.58,medium,low,7,spaceship,,,29/09/2026 12:05
45c9d9d5-eba1-4434-b349-1f0c11f2edbb,appreciated.casino,available,6.41,129.58,high,low,11,spaceship,,,28/09/2026 07:22
828bd38c-2d6f-479c-8093-c1dbb4e2d781,oatmeal.casino,available,15.99,159.99,high,low,7,unstoppable,,,29/09/2026 05:27
58d6b527-6b62-409d-b754-e18f785398cd,bestiality.casino,available,6.98,191.98,medium,low,10,namecheap,,,23/09/2026 10:39
8b3da6b2-bc1f-447d-989c-bea737e97da4,nobles.casino,available,6.41,129.58,medium,low,6,spaceship,,,29/09/2026 15:05
30e851b5-89d7-4028-955c-a874c4023360,camping.casino,available,6.41,129.58,high,low,7,spaceship,,,29/09/2026 02:56
f22c0411-15a8-48aa-8def-b95990ea82ac,suety.casino,available,6.98,191.98,low,low,5,namecheap,,,11/09/2026 01:08
e15b3564-e12d-4681-8769-bb261202c6b3,neoclassic.casino,available,6.98,191.98,medium,low,10,namecheap,,,03/09/2026 15:21
b53146e4-e7fc-44a0-85ef-5b0ff69d69e2,nip.casino,available,6.41,129.58,high,low,3,spaceship,,,30/09/2026 09:08
da33aa81-f573-443a-913d-a37dcd5853da,pellucid.casino,available,6.98,191.98,high,low,8,namecheap,,,13/08/2026 09:44
47ccc8a6-b8a9-4850-b8f2-8977c6500f6b,bland.casino,available,14.99,159.99,medium,low,5,namesilo,,,22/09/2026 21:44
cd96191f-d8be-42af-aa87-b59b819b81d4,fated.casino,available,6.98,191.98,high,low,5,namecheap,,,17/08/2026 23:32
a8786ebb-1d21-4809-9063-328ef9b3b113,aerator.casino,available,14.99,159.99,medium,low,7,namesilo,,,17/09/2026 12:47
e3766b95-a676-4281-8d62-98a12b48fe55,spreading.casino,available,6.98,191.98,medium,low,9,namecheap,,,10/09/2026 16:45
8b6f8fd7-465c-47c3-881e-360b3ddee5c5,stylised.casino,available,6.98,191.98,high,low,8,namecheap,,,12/08/2026 23:48
7af42a14-518d-45a3-bea7-19a34b4fead1,mouthpiece.casino,available,6.41,129.58,high,low,10,spaceship,,,01/10/2026 19:25
835c3456-88a4-4514-9de2-6bf47b127c73,hillsborough.casino,available,6.41,129.58,medium,low,12,spaceship,,,28/09/2026 07:56
8cf5dde6-6b92-4ddd-bd2a-1f5822a17f0f,item.casino,available,14.99,159.99,high,low,4,namesilo,,,28/09/2026 09:23
f5dfaccb-8944-4dfa-90d2-1177860937a3,sizeable.casino,available,6.98,191.98,high,low,8,namecheap,,,20/08/2026 16:40
58ce0fa2-f4f2-4211-be71-bf5af9c0dc1a,romans.casino,available,7.71,133.97,medium,low,6,dynadot,,,28/09/2026 19:05
8af14267-9bdf-4c77-9592-2e92a721ece7,benthos.casino,available,14.99,159.99,medium,low,7,namesilo,,,23/09/2026 08:45
f1345ee9-ab63-4595-aa45-dbd8fc0be1a1,apropos.casino,available,,,high,low,7,,,,
c4311178-2bf0-4d40-8579-3f6b87736ea6,notes.casino,available,12.79,159.99,high,low,5,namesilo,,,
6f5c0bd2-a0e2-45ed-8b52-42ae7e2e761c,shrinking.casino,available,15.99,,medium,low,9,unstoppable,,,29/09/2026 13:58
4e1f8a1a-b5f0-4157-9fb7-59c8b7b2b155,rio.casino,premium,,,high,low,3,,,,28/09/2026 03:02
c8522f4c-ae25-45a3-a69f-ad218e2b36bb,drains.casino,available,7.71,133.97,medium,low,6,dynadot,,,29/09/2026 17:12
eda75308-5ada-4f82-8288-c3510c10ae7b,mauldin.casino,available,6.98,191.98,medium,low,7,namecheap,,,23/09/2026 16:01
0ab205d0-d19b-4079-9874-c73fcdf5d906,chernobyl.casino,available,6.41,129.58,medium,low,9,spaceship,,,29/09/2026 11:54
13ecca85-045a-4d23-b68c-5a838e013cbc,boehm.casino,available,14.99,159.99,high,low,5,namesilo,,,23/09/2026 03:39
6cac68cc-8769-4ad7-b26e-60c4afc6dcb8,langdon.casino,available,14.99,159.99,medium,low,7,namesilo,,,28/09/2026 16:35
9de44ba8-7ce9-44dc-8ff7-2c1802749dd1,knapsack.casino,available,14.99,159.99,high,low,8,namesilo,,,21/09/2026 14:39
bfe852e3-db24-4399-9afc-c56c06e50cb4,creek.casino,available,7.71,133.97,high,low,5,dynadot,,,29/09/2026 04:33
6b2fe881-368d-47a6-853b-0fe8b0826a1f,battles.casino,available,6.98,191.98,low,low,7,namecheap,,,28/09/2026 08:54
e6e8c12b-a10a-437f-8ffc-23aa1d8b97b4,dandyish.casino,available,13.99,236.99,medium,low,8,name.com,,,13/08/2026 17:03
e9d12e3d-1fd6-495a-a68b-6c15b4932891,asymptote.casino,available,14.99,159.99,medium,low,9,namesilo,,,20/09/2026 18:41
b17ac7e2-e7d0-4510-bd7f-98557ef8767b,holey.casino,available,6.98,191.98,medium,low,5,namecheap,,,21/08/2026 10:23
5532a9b0-285f-4843-ad64-5be2b0d46f2c,blackball.casino,available,6.98,191.98,medium,low,9,namecheap,,,03/09/2026 15:03
630d67b2-c5dc-42de-af60-bee8a1ce4a2f,year.casino,available,125.2,125.2,high,low,4,cloudflare,,,30/09/2026 14:04
46718c7b-5d79-4b3f-bfa9-4574f846a10a,legerity.casino,available,6.98,191.98,medium,low,8,namecheap,,,17/09/2026 17:50
828822f8-f145-4846-b0e4-097bb2afaa7d,task.casino,available,125.2,125.2,high,low,4,cloudflare,,,02/10/2026 03:42
962831d6-a224-418b-8588-09b958d1d09e,classes.casino,available,7.72,129.25,medium,low,7,porkbun,,,27/09/2026 23:47
2e15a369-9506-4b40-bd77-4d0f70388aed,conceive.casino,available,15.99,,high,low,8,unstoppable,,,29/09/2026 14:04
b966853c-f727-4beb-993e-5d8d161e487e,meddle.casino,available,15.99,159.99,medium,low,6,unstoppable,,,30/09/2026 20:30
781949cb-2c51-4d51-9fc9-e6a55cf5ee1b,bale.casino,available,14.99,159.99,medium,low,4,namesilo,,,21/09/2026 21:49
792df591-a291-4844-b1c8-e086d59f4177,nickerson.casino,available,125.2,125.2,medium,low,9,cloudflare,,,02/10/2026 00:40
1ad86165-fb24-43a7-b764-85273331a955,companionship.casino,available,6.41,129.58,high,low,13,spaceship,,,30/09/2026 22:32
ce538934-2a20-496b-850c-7bd158456079,accomplice.casino,available,14.99,159.99,high,low,10,namesilo,,,16/09/2026 22:50
6a5e4ca1-368f-4359-be08-ec78835ab158,ambush.casino,available,6.98,191.98,high,low,6,namecheap,,,24/08/2026 12:29
db32d98e-8ede-44d7-9198-73a9f6a9081b,evils.casino,available,14.99,159.99,low,low,5,namesilo,,,01/10/2026 16:07
d03caf02-be92-4580-95e5-732e5034b70e,fis.casino,available,6.98,191.98,high,low,3,namecheap,,,28/09/2026 03:41
cd7a939c-2120-4c12-8218-88d24ac8c582,leather.casino,available,14.99,159.99,high,low,7,namesilo,,,30/09/2026 02:35
f3c0c627-249b-482f-b888-4b81e8a506d1,strain.casino,available,6.98,191.98,medium,low,6,namecheap,,,29/09/2026 22:58
77db9e00-25ab-42a4-b858-d95d1e01eabe,inr.casino,available,6.41,129.58,high,low,3,spaceship,,,02/10/2026 04:11
c93557c2-1426-4190-81f7-0cb8ef634bc1,stroke.casino,available,6.41,129.58,high,low,6,spaceship,,,28/09/2026 21:42
870b586b-7830-4a28-90c3-37ceec250e8c,erection.casino,available,6.41,129.58,high,low,8,spaceship,,,29/09/2026 00:49
6c617409-7217-40ed-9b6d-ffb8fabeeb2d,resistible.casino,available,6.98,191.98,medium,low,10,namecheap,,,09/09/2026 15:20
6b1e4540-72a0-44f3-8fec-a5dc8e836fa5,anagrams.casino,available,6.98,191.98,high,low,8,namecheap,,,19/09/2026 01:29
701cc868-79cc-4332-9b3f-f2cbcd377bd2,bevy.casino,available,14.99,159.99,medium,low,4,namesilo,,,23/09/2026 12:05
b9a1d2ed-8a4c-40e0-bef8-90e37ae76ecc,oxycontin.casino,available,14.99,159.99,medium,low,9,namesilo,,,20/09/2026 00:25
b7ce525f-feaf-4168-9e65-fea4bddf8f38,malice.casino,available,7.72,129.25,high,low,6,porkbun,,,30/09/2026 17:58
37c6d026-1495-4b55-9588-8ce4cbab5ccb,demolition.casino,available,14.99,159.99,high,low,10,namesilo,,,24/09/2026 21:50
c03cdba4-702b-401f-a704-63e818fd1765,killingly.casino,available,6.98,191.98,low,low,9,namecheap,,,15/09/2026 10:22
9e310ee1-6500-45e9-b7a4-48bb7a7ff9d6,collectors.casino,available,125.2,125.2,high,low,10,cloudflare,,,29/09/2026 17:58
b7481903-2fc8-430d-abe4-c7d5f275567d,resistive.casino,available,6.98,191.98,medium,low,9,namecheap,,,09/09/2026 15:23
dfa44117-2be5-4e93-a306-572cbe3738c0,arpeggio.casino,available,14.99,159.99,high,low,8,namesilo,,,20/09/2026 08:37
6fd27c66-882b-4718-a239-55cf0db0e8b8,ibadan.casino,available,125.2,125.2,medium,low,6,cloudflare,,,30/09/2026 01:55
ed151e38-1bc5-46d6-ac4b-a146a7ffd469,gentleman.casino,available,14.99,159.99,high,low,9,namesilo,,,25/09/2026 06:26
4773e947-3d3e-4fb2-abae-46c0f25731a4,authoring.casino,available,125.2,125.2,high,low,9,cloudflare,,,30/09/2026 11:46
94620a10-9341-4a85-bc19-130cf7dcae21,blown.casino,available,6.98,191.98,medium,low,5,namecheap,,,10/08/2026 15:36
697ae691-cffc-48d6-abc4-9b29532e063a,admired.casino,available,6.98,191.98,high,low,7,namecheap,,,21/09/2026 18:53
c087c3e5-f3e2-4857-9c98-d0117299d58c,suddenly.casino,available,13.99,236.99,medium,low,8,name.com,,,13/08/2026 19:19
9412fbb6-f233-447b-833e-5641273fcd1e,tours.casino,available,14.99,159.99,high,low,5,namesilo,,,30/09/2026 13:22
451de889-b448-4a6c-bb79-5a136e20c1b4,gassy.casino,available,6.98,191.98,medium,low,5,namecheap,,,12/08/2026 16:36
5275b491-4fb1-423f-8175-415a058e72e1,groin.casino,available,6.98,191.98,medium,low,5,namecheap,,,29/09/2026 18:05
3f868dd9-ea01-4a28-8904-da4ba81adcb4,reservedly.casino,available,6.98,191.98,medium,low,10,namecheap,,,15/09/2026 23:22
f9b6475c-f133-4abf-80e7-1e80fc7954ae,yost.casino,available,6.98,191.98,medium,low,4,namecheap,,,29/09/2026 22:40
728f606c-089f-46f9-af9e-ef72fc7ef88f,enron.casino,available,6.41,129.58,high,low,5,spaceship,,,30/09/2026 04:20
8494c465-3f2e-4b03-a1bb-92a79bf7acfa,boycott.casino,available,14.99,159.99,medium,low,7,namesilo,,,24/09/2026 07:48
cf5af8b3-f1ff-4461-8cc4-3dbd84b51fd8,toddler.casino,available,125.2,125.2,high,low,7,cloudflare,,,29/09/2026 00:53
2952aceb-19bb-494d-bb9f-68591f49e2e1,deceived.casino,available,125.2,125.2,low,low,8,cloudflare,,,29/09/2026 23:13
d09ff622-85d3-4e5d-9b25-3fbc9d58f84f,arrowroot.casino,available,14.99,159.99,medium,low,9,namesilo,,,17/09/2026 00:43
2e9d0ffb-9c5b-46e7-a9fa-ac63650835ec,nirvana.casino,available,14.99,159.99,high,low,7,namesilo,,,02/10/2026 04:41
1dd77f6b-989e-4af3-9039-8afafeeb270b,drifter.casino,available,6.98,191.98,medium,low,7,namecheap,,,13/09/2026 00:50
b7d2de60-5390-4719-a55b-e520f7d89fbf,immerse.casino,available,6.98,191.98,high,low,7,namecheap,,,10/09/2026 19:49
5076de57-2bea-4bbe-9389-634cbbee2c89,cracked.casino,available,14.99,159.99,high,low,7,namesilo,,,22/09/2026 01:30
5cf56544-b800-4a24-9e91-f83500aceb98,annexa.casino,available,14.99,159.99,medium,low,6,namesilo,,,17/09/2026 09:06
b265f74d-b89a-42db-8dd2-a71130b6f743,vortex.casino,resell,,,high,medium,6,,,,30/09/2026 01:05
7b760ef8-6061-4752-abd0-fe9672cf14a4,ageing.casino,available,14.99,159.99,high,low,6,namesilo,,,21/09/2026 22:43
ff5561b5-1b61-460d-b768-6695f80c9029,minded.casino,available,6.98,191.98,high,low,6,namecheap,,,24/08/2026 23:35
622cab10-6685-4a2f-acc6-29edda86c1b8,straying.casino,available,6.98,191.98,medium,low,8,namecheap,,,10/09/2026 22:14
f9557ed9-bc2b-484d-afc3-491e81da7688,ferguson.casino,available,6.98,191.98,high,low,8,namecheap,,,25/09/2026 17:55
ba4a14dc-c149-4e2b-ade9-7e689c0ded4d,jerk.casino,available,6.98,191.98,high,low,4,namecheap,,,25/09/2026 11:41
65243fa6-1707-43ec-badf-404e3adb6e3e,ammonia.casino,available,13.99,236.99,high,low,7,name.com,,,18/09/2026 22:08
8dacc96e-acea-4897-9143-c8a215882336,tress.casino,available,14.99,159.99,medium,low,5,namesilo,,,24/09/2026 07:57
f68d618f-b1a7-4020-9c3a-8a04af10297e,shack.casino,available,14.99,159.99,high,low,5,namesilo,,,24/09/2026 23:26
55e5a649-61ca-4950-b3a7-bc6e7037f083,segment.casino,available,125.2,125.2,high,low,7,cloudflare,,,28/09/2026 20:24
c5c40e88-9d93-4490-9e0f-7f6dec6ba6ab,hospice.casino,available,15.99,,high,low,7,unstoppable,,,01/10/2026 20:00
e3a79d8d-c64a-4cf2-b05b-a6a7fea110ee,knowing.casino,available,6.98,191.98,high,low,7,namecheap,,,25/09/2026 10:04
09366547-aa09-4605-8640-84be48c4b6ca,unstaged.casino,available,6.98,191.98,medium,low,8,namecheap,,,12/09/2026 20:29
db3bc425-2c71-483b-b8ae-9a8df07f40bd,aluminate.casino,available,6.98,191.98,medium,low,9,namecheap,,,18/09/2026 15:13
fd40779a-7d25-4bf5-931d-6f21f916834b,barber.casino,available,15.99,159.99,high,low,6,unstoppable,,,29/09/2026 01:08
370b4834-3bb6-4d66-86e8-60909089093d,gilbert.casino,available,6.98,191.98,high,low,7,namecheap,,,18/08/2026 23:22
db34be0e-d43a-4a10-9992-d4f245368bc9,creeps.casino,available,6.41,129.58,medium,low,6,spaceship,,,01/10/2026 01:37
604e81f2-1522-4538-8016-a35992e6b19d,breaks.casino,available,14.99,159.99,medium,low,6,namesilo,,,17/09/2026 22:04
cae55aa0-671b-4e21-a8de-8e4562a92de4,warn.casino,available,6.98,191.98,high,low,4,namecheap,,,28/09/2026 03:18
e5c002ae-9681-4466-a97b-e91f77a56930,henceforth.casino,available,6.98,191.98,medium,low,10,namecheap,,,15/09/2026 00:15
5a1dbc66-42ee-4e23-bc55-d82faab29444,billhook.casino,available,6.98,191.98,medium,low,8,namecheap,,,23/09/2026 16:21
101eef60-1147-4acb-bc07-3fb0c464a2a0,hospitality.casino,available,7.71,133.97,high,low,11,dynadot,,,28/09/2026 04:30
a98f2902-0ad3-40f3-9afd-2d0dfb683b82,bellbottom.casino,available,6.98,191.98,low,low,10,namecheap,,,09/08/2026 13:21
bce014b1-3cb2-4869-9ed5-ebe3e2f992ea,abdominal.casino,available,14.99,159.99,high,low,9,namesilo,,,21/09/2026 13:47
8638d081-d3be-436d-95e8-89ca58b4fd8c,incestuous.casino,available,6.98,191.98,medium,low,10,namecheap,,,22/08/2026 01:12
91adac50-dc4a-420b-80b5-f5856c9a77e1,happens.casino,available,17.99,,medium,low,7,name.com,,,
0a4c5fb9-70b4-49e7-b4cc-b9c3e4ccc2e0,feetfirst.casino,available,6.98,191.98,medium,low,9,namecheap,,,14/09/2026 18:20
183bbd75-42ea-4bca-a601-a4dc1871e108,raspy.casino,available,6.98,191.98,medium,low,5,namecheap,,,20/08/2026 18:31
1bd7f9b9-6ca8-4841-a8dd-2a67cd4e5f7b,bitis.casino,available,14.99,159.99,medium,low,5,namesilo,,,23/09/2026 22:37
58be568c-d29c-4a84-b9a4-b2c61f87b3a8,ataractic.casino,available,6.98,191.98,low,low,9,namecheap,,,07/08/2026 12:44
d7ca4e77-4294-41ab-80b9-d25d569a344b,wraps.casino,available,14.99,159.99,medium,low,5,namesilo,,,20/09/2026 11:16
5337dbcd-6388-46f9-b1c0-2967e7ffe479,extravagant.casino,available,15.99,,high,low,11,unstoppable,,,30/09/2026 03:34
a6ac2edb-25b2-469c-9ee5-68b218ea5c66,slew.casino,available,6.98,191.98,high,low,4,namecheap,,,25/08/2026 00:42
08fbc4d3-76eb-4d0f-8d1d-d80b8f08de41,cresson.casino,available,6.98,191.98,medium,low,7,namecheap,,,13/08/2026 06:16
f4c2a57d-e051-4a34-a4f0-a9f27a139c07,poisoning.casino,available,6.41,129.58,medium,low,9,spaceship,,,30/09/2026 00:17
9343399f-907e-4dc1-979d-f04550a21c33,clones.casino,available,6.41,129.58,medium,low,6,spaceship,,,01/10/2026 07:39
538090ff-1541-44c2-aa13-a9e68109a5e5,chore.casino,available,125.2,125.2,high,low,5,cloudflare,,,29/09/2026 09:00
88054624-d9eb-4732-a4f9-c013c6d8143e,amherst.casino,available,6.98,191.98,high,low,7,namecheap,,,25/09/2026 12:38
aa3d2dd4-2b4e-4070-a4f1-930cd348f692,flu.casino,available,125.2,125.2,high,low,3,cloudflare,,,29/09/2026 19:35
756b6f67-235b-4949-874a-366daaca4fcf,few.casino,available,14.99,159.99,high,low,3,namesilo,,,24/09/2026 17:38
1ef0fcbb-be69-48de-9e02-b2e075a0564b,downplay.casino,available,14.99,159.99,high,low,8,namesilo,,,21/09/2026 15:36
10a92f29-0b32-46f1-8947-28bc142869fd,theoretic.casino,available,6.98,191.98,medium,low,9,namecheap,,,11/09/2026 12:54
f6eed687-25fa-49c7-a7b0-bacb1638f023,promises.casino,available,14.99,159.99,medium,low,8,namesilo,,,27/09/2026 03:01
9cd4335c-aab9-46e0-b0eb-a82c9f5a2b94,crates.casino,available,15.99,,low,low,6,unstoppable,,,01/10/2026 17:58
333077f6-309d-4205-a2a9-e27256cf841e,immune.casino,available,6.98,191.98,high,low,6,namecheap,,,21/08/2026 21:26
f8650e62-8a11-4509-a687-3b7be7811586,technol.casino,available,14.99,159.99,medium,low,7,namesilo,,,30/09/2026 06:44
d753b260-4ed2-4f99-9d2f-c53d09322470,rapacity.casino,available,14.99,159.99,medium,low,8,namesilo,,,21/09/2026 08:45
3bee07d7-08a9-4951-bb1a-a65904db3fa0,mbd.casino,available,14.99,159.99,medium,low,3,namesilo,,,17/09/2026 06:35
ced2c206-e588-454f-8f31-edeef11df8fb,third.casino,available,6.98,191.98,high,low,5,namecheap,,,
60845213-859e-4c0e-ab54-99a2c01bd461,respects.casino,available,15.99,159.99,high,low,8,unstoppable,,,30/09/2026 09:58
62c906b9-9e2d-497c-884e-d1bbe42f595f,bolster.casino,available,7.72,129.25,medium,low,7,porkbun,,,29/09/2026 03:17
f139824f-f95e-4be8-a4b2-586c23a47a40,turbulent.casino,available,6.98,191.98,medium,low,9,namecheap,,,14/08/2026 12:26
590f0404-1b97-40b0-a5a7-f18e7afc384d,caps.casino,available,7.72,129.25,high,low,4,porkbun,,,28/09/2026 22:50
7e3c40b4-d9b8-4310-bd36-3515df74b763,bimetal.casino,available,6.98,191.98,high,low,7,namecheap,,,09/08/2026 22:52
7f7d5ba7-4aa1-4a26-8954-f5f2814c0381,rossini.casino,available,15.99,,high,low,7,unstoppable,,,30/09/2026 01:46
a7f677ae-58c3-456d-8721-f35500246c0d,springlike.casino,available,6.98,191.98,medium,low,10,namecheap,,,10/09/2026 16:53
c53983f7-2cdf-4f67-a5c2-2383112aff02,torture.casino,available,6.98,191.98,high,low,7,namecheap,,,11/09/2026 18:03
e820a9e4-49b6-45ad-a3e8-71f79887d043,solving.casino,available,7.71,133.97,high,low,7,dynadot,,,29/09/2026 02:13
cc8140f8-3359-4c93-9c67-8e1659cea800,potbellied.casino,available,6.98,191.98,medium,low,10,namecheap,,,
93c382f8-e08f-425f-8272-d761a237c9df,downhill.casino,available,6.98,191.98,medium,low,8,namecheap,,,13/08/2026 21:49
f9c9b9e1-65d2-4957-a14f-e4118984ae66,decades.casino,available,6.41,129.58,low,low,7,spaceship,,,28/09/2026 13:15
ea9645ec-7735-4b6c-b17c-cad5d9fe1abb,projector.casino,available,125.2,125.2,high,low,9,cloudflare,,,29/09/2026 20:04
35c4e512-aa36-4cd1-a6c1-cfedc9429b5d,galileo.casino,available,15.99,,high,low,7,unstoppable,,,29/09/2026 12:27
6c07f6a7-00e1-4aba-b60f-763f0da6df9c,subscript.casino,available,6.98,191.98,high,low,9,namecheap,,,11/09/2026 00:43
6d6c0ee1-a29c-4b0e-9a5b-89cdfd56ae66,reddish.casino,available,14.99,159.99,high,low,7,namesilo,,,19/09/2026 03:49
7e39d60c-5172-4763-b8d7-a894f8067ac7,dane.casino,available,6.98,191.98,high,low,4,namecheap,,,29/09/2026 00:37
988a258a-02a5-4c97-9742-4ba1f7463f19,mockingly.casino,available,6.98,191.98,medium,low,9,namecheap,,,14/09/2026 12:02
9dfe8d54-f1ea-4b1a-af44-d2731896c7de,cyan.casino,available,14.99,159.99,high,low,4,namesilo,,,22/09/2026 22:59
7357512f-57f1-4b5c-a16d-2064c984a09c,brac.casino,available,15.99,,medium,low,4,unstoppable,,,01/10/2026 23:52
0b7dce01-a803-45e8-affe-57bc8a4bc726,bourbon.casino,available,14.99,159.99,high,low,7,namesilo,,,24/09/2026 07:37
27889cd0-2e63-44ea-a1b7-b704e81e720f,spraying.casino,available,6.41,129.58,high,low,8,spaceship,,,01/10/2026 19:08
b72104fc-01fd-429f-a962-d88d65951571,dortmund.casino,available,14.99,159.99,medium,low,8,namesilo,,,29/09/2026 18:41
81801226-b10c-4731-a20c-480a0975dc54,berserk.casino,available,6.98,191.98,medium,low,7,namecheap,,,
c0085f79-14ff-4d40-b17a-bb96983bd4ec,since.casino,available,6.41,129.58,high,low,5,spaceship,,,30/09/2026 22:14
0fdf676a-58f8-4b3a-98fe-fa379381d9f5,polyploid.casino,available,6.98,191.98,medium,low,9,namecheap,,,08/09/2026 23:29
76ff9288-225f-46d6-a768-4e1c31b26b45,stew.casino,available,6.41,129.58,medium,low,4,spaceship,,,28/09/2026 09:50
bfed6d15-8499-4491-87b3-18b88d671e62,photography.casino,available,125.2,125.2,high,low,11,cloudflare,,,28/09/2026 07:43
a43072f7-f506-4b15-9998-7b056ac4fe6d,granddaughter.casino,available,7.71,133.97,high,low,13,dynadot,,,30/09/2026 22:09
87f85e2f-7c8f-412d-8336-0d92e5843871,jokingly.casino,available,6.98,191.98,medium,low,8,namecheap,,,14/09/2026 17:23
76f1b361-cb46-4d32-abc6-cb95c8a82083,changeling.casino,available,6.98,191.98,medium,low,10,namecheap,,,21/08/2026 20:30
f801cd6a-3c5b-417e-8990-8b86bcf77a3b,wrote.casino,available,12.79,159.99,medium,low,5,namesilo,,,
ea9a6685-ea30-4ac7-922f-c1435a42efa2,unbelievable.casino,available,6.98,191.98,high,low,12,namecheap,,,28/09/2026 07:08
bd255a86-a98e-4f2b-8e49-29908091c3a3,courtroom.casino,available,7.71,133.97,high,low,9,dynadot,,,29/09/2026 11:50
cd3e48a8-884a-42fa-a78f-2ea68f59fc23,intended.casino,available,14.99,159.99,high,low,8,namesilo,,,25/09/2026 09:53
514e64d5-22e5-486d-8117-ca9fa994e16b,stormed.casino,available,6.98,191.98,medium,low,7,namecheap,,,20/09/2026 15:47
efd46619-badc-4520-be5e-1ae32aa9579e,marks.casino,available,15.99,159.99,high,low,5,unstoppable,,,29/09/2026 19:25
e20ca400-513b-49a0-bb77-94ff8d315c61,carrying.casino,available,6.41,129.58,high,low,8,spaceship,,,01/10/2026 19:14
4b6b8171-c315-4049-b1e2-02f73d42c98e,axiomatic.casino,available,6.98,191.98,medium,low,9,namecheap,,,05/08/2026 23:27
683ac64f-b3c7-4aeb-8902-7595b5beef1a,purblind.casino,available,6.98,191.98,medium,low,8,namecheap,,,14/08/2026 07:58
acabec99-8d31-4019-8ecd-092738b2e7e4,cleavage.casino,available,14.99,159.99,high,low,8,namesilo,,,24/09/2026 15:29
5a754c94-8a9b-4461-aa5e-1792a5bb66e3,polyatomic.casino,available,6.98,191.98,medium,low,10,namecheap,,,08/09/2026 23:10
bdf8b9e9-fc8d-4121-b3f1-62f30e728a75,october.casino,available,14.99,159.99,high,low,7,namesilo,,,28/09/2026 02:51
ebcc2340-4fa4-4d95-a72c-e9a264c17795,chairwoman.casino,available,14.99,159.99,high,low,10,namesilo,,,29/09/2026 07:58
fdad1249-2cd0-49ab-9e30-6a873749d765,rambo.casino,available,6.41,129.58,high,low,5,spaceship,,,01/10/2026 23:13
c1e33664-5fa9-4829-befd-14058d599933,turnout.casino,available,14.99,159.99,high,low,8,namesilo,,,29/09/2026 07:04
7f3dfd0b-4dcf-4636-aec3-63548a4e064d,nigra.casino,available,14.99,159.99,medium,low,5,namesilo,,,30/09/2026 02:04
071dd168-feaa-4208-8501-8aa6d69dcda9,vigorous.casino,available,6.98,191.98,high,low,8,namecheap,,,13/09/2026 05:44
44858836-9c0b-43ed-aab1-372b401b4ec7,erect.casino,available,6.98,191.98,high,low,5,namecheap,,,17/08/2026 12:04
4ead5e59-b7f4-4ee7-a21c-c2638a378ecd,radiantly.casino,available,6.98,191.98,medium,low,9,namecheap,,,15/09/2026 22:18
d3953e02-49b5-47aa-9737-0ca4a1870fcf,railing.casino,available,6.98,191.98,high,low,7,namecheap,,,30/09/2026 02:38
7dc46ee6-0d70-4057-911f-b9cd9ac94902,acne.casino,available,6.41,129.58,medium,low,4,spaceship,,,28/09/2026 17:51
c4ec0e0b-cffa-420c-8fcd-b3019906785a,addictive.casino,available,14.99,159.99,high,low,9,namesilo,,,21/09/2026 17:08
cbe21603-d66a-4cc4-b060-a495ca30581d,flaky.casino,available,6.98,191.98,high,low,5,namecheap,,,10/08/2026 10:06
9264aa97-d9c1-4c1b-8411-237ca3ad49ce,bitumen.casino,available,14.99,159.99,medium,low,7,namesilo,,,23/09/2026 23:13
1d287aa4-08e9-47c8-b05a-1081b9e69d80,constraints.casino,available,6.98,191.98,low,low,11,namecheap,,,20/09/2026 23:49
5fc302c0-43a7-4c1d-8b5c-03e071b2d7d5,ditches.casino,available,125.2,125.2,medium,low,7,cloudflare,,,02/10/2026 03:20
d9baf7fb-919f-431c-ac13-686096249a3f,buccal.casino,available,6.98,191.98,medium,low,6,namecheap,,,11/08/2026 07:27
f5c1a081-d5c0-422c-a00d-befbe1bd31e4,alcahest.casino,available,14.99,159.99,medium,low,8,namesilo,,,18/09/2026 03:43
69b84642-a137-42cb-9e05-1ec9b49db6dc,pressure.casino,available,6.98,191.98,high,low,8,namecheap,,,24/09/2026 23:12
03b0e2f5-81ee-4aa2-a43a-a0469c27bc1b,percival.casino,available,14.99,159.99,high,low,8,namesilo,,,28/09/2026 16:27
317ba059-8bb6-49f2-81f3-ebd04405dd5f,hvac.casino,available,14.99,159.99,high,low,4,namesilo,,,30/09/2026 23:38
dc74fc2c-b8cd-4cea-8f0b-03c6476e57a6,biotype.casino,available,6.98,191.98,medium,low,7,namecheap,,,23/09/2026 19:14
cf6fe207-93c1-4d47-9761-dbcefc5c6383,unfortunately.casino,available,6.41,129.58,medium,low,13,spaceship,,,01/10/2026 06:06
306871df-b3ff-4e64-b3fc-6326c476d454,accepts.casino,available,6.98,191.98,medium,low,7,namecheap,,,29/09/2026 11:07
635a5da2-dca3-4d15-a6e9-9b1741460c62,whirr.casino,available,6.98,191.98,high,low,5,namecheap,,,13/09/2026 11:31
61304169-1550-47fd-9ea9-dfd591af059d,sobeit.casino,available,6.98,191.98,low,low,8,namecheap,,,16/09/2026 13:51
5193841e-c84e-42db-9c15-ba5563027d92,hussy.casino,available,14.99,159.99,medium,low,5,namesilo,,,17/09/2026 10:20
ce76cb4e-35c2-4c37-b30f-12180d048ed8,easy.casino,resell,,,high,high,4,"Global Domains International, Inc. DBA DomainCostClub.com",23/07/2026 15:15,23/07/2027 15:15,30/09/2026 13:39
b58742c8-397a-4018-bda7-887074a25d6e,omar.casino,available,6.98,191.98,high,low,4,namecheap,,,25/09/2026 15:21
30f8aeda-1bc3-47bd-b231-631560479837,cracking.casino,available,6.41,129.58,high,low,8,spaceship,,,01/10/2026 15:30
3d380d73-268e-4b00-afdb-54bd9ac2073b,agriculture.casino,available,6.41,129.58,high,low,11,spaceship,,,29/09/2026 10:29
f1cf9f93-11d0-4c0d-8b48-4e0bb8051e1b,lordly.casino,available,6.98,191.98,medium,low,6,namecheap,,,07/08/2026 17:05
0d78c448-d90b-44ea-8e5e-c5692ea0b97d,hooter.casino,available,14.99,159.99,medium,low,6,namesilo,,,21/09/2026 07:22
38dc2794-ca79-4967-8d39-914e41be0aaa,carriage.casino,available,125.2,125.2,high,low,8,cloudflare,,,29/09/2026 00:08
eb06d20c-86ef-451a-b322-c715b71f5e53,neighbourhood.casino,available,14.99,159.99,high,low,13,namesilo,,,17/09/2026 15:31
62b4f806-fb77-4b0a-95dd-8211249d1d64,pergola.casino,available,14.99,159.99,medium,low,7,namesilo,,,20/09/2026 01:00
f6615b37-7df9-4389-acff-a660cdde5af4,nanda.casino,available,6.41,129.58,medium,low,5,spaceship,,,30/09/2026 22:08
816aecf3-b307-434f-914a-95969a311eff,fiercely.casino,available,14.99,159.99,medium,low,8,namesilo,,,28/09/2026 14:52
11da0b9c-e78f-4b3f-8529-d2b82959d6ca,trojan.casino,available,6.98,191.98,high,low,6,namecheap,,,11/09/2026 20:17
f645cf94-e438-471b-a58b-435f9bf1583c,superfamily.casino,available,6.98,191.98,medium,low,11,namecheap,,,29/09/2026 02:59
6be2e5d2-8164-43b9-9208-a1094a302712,bivalvia.casino,available,14.99,159.99,medium,low,8,namesilo,,,23/09/2026 23:16
32712b9e-94c6-4eed-960b-b6d39ca914de,seminar.casino,available,6.41,129.58,high,low,7,spaceship,,,28/09/2026 06:44
043e7b73-2630-4c05-83fd-f2bbb40df3b1,sequencing.casino,available,6.41,129.58,high,low,10,spaceship,,,02/10/2026 03:03
7e04c0d3-92be-4b1b-9ff1-987b9a571010,stylistic.casino,available,6.98,191.98,high,low,9,namecheap,,,10/09/2026 23:19
fb18d385-ec1e-4a0f-8a63-d21a0c8479f9,slaves.casino,available,14.99,159.99,low,low,6,namesilo,,,27/09/2026 23:05
df166e00-07e2-4242-8e55-64dc751d3e67,afield.casino,available,6.98,191.98,medium,low,6,namecheap,,,13/09/2026 17:59
cb00ea19-1f30-4660-8b08-9050097ce6ac,slimy.casino,available,6.98,191.98,medium,low,5,namecheap,,,14/08/2026 04:03
bdb4df6e-155a-4fa3-afb7-75e3e1b7f7ab,mazda.casino,available,7.72,129.25,high,low,5,porkbun,,,28/09/2026 16:04
ccfe665b-18d3-4784-b78c-3fc19890c00c,decayable.casino,available,6.98,191.98,low,low,9,namecheap,,,13/08/2026 20:54
7cbaa501-a441-41d8-8be6-f3c86b42035b,aimlessly.casino,available,6.98,191.98,medium,low,9,namecheap,,,13/09/2026 18:28
19065a42-1012-4301-a6cb-14e4894a9ad1,audi.casino,available,,,high,high,4,,,,
c62b181d-c296-434d-ac0f-9488de14428e,dive.casino,available,14.99,159.99,high,low,4,namesilo,,,29/09/2026 16:23
376efa41-dca7-4b3b-96c7-bf5a36cdcffa,khakis.casino,available,6.98,191.98,high,low,6,namecheap,,,30/09/2026 01:17
65641aae-9063-442a-ab96-eeefb7688065,enzyme.casino,available,7.71,133.97,high,low,6,dynadot,,,29/09/2026 12:12
8bfccb8b-9487-48fa-88b0-5f7497ea9190,acknowledge.casino,available,14.99,159.99,high,low,11,namesilo,,,01/10/2026 00:33
2cffcf67-f182-4937-af5a-446dd2add9d8,externally.casino,available,6.98,191.98,medium,low,10,namecheap,,,14/09/2026 17:11
c7da31ff-d0e7-4f5c-8141-ecb6c27837e8,agdistis.casino,available,14.99,159.99,medium,low,8,namesilo,,,17/09/2026 16:43
d4548e8f-bf29-4c36-8f6f-bc68d8db8332,freda.casino,available,6.98,191.98,high,low,5,namecheap,,,01/10/2026 08:48
7fe699c3-ed35-4691-b0ed-09399d3ac43d,sixpenny.casino,available,6.98,191.98,medium,low,8,namecheap,,,10/09/2026 09:06
ac31a8f7-61d6-4dcf-9a76-ca18cf710978,aubergine.casino,available,13.99,236.99,high,low,9,name.com,,,21/09/2026 02:33
a50f54fe-970a-44ea-a0d5-118a608d3842,phonemic.casino,available,6.98,191.98,medium,low,8,namecheap,,,08/09/2026 19:02
db1636f0-32ed-4f1a-afbc-2f8c09001629,suppress.casino,available,14.99,159.99,medium,low,8,namesilo,,,29/09/2026 00:32
df3c47ce-69a4-4c16-b8d1-372f34c4f8e6,twofold.casino,available,6.98,191.98,high,low,7,namecheap,,,14/08/2026 16:39
c879e1fc-675d-4867-85fd-976405cdd6f8,swans.casino,available,15.99,,medium,low,5,unstoppable,,,01/10/2026 16:56
578dd81b-5e70-4ea1-92f6-b5d7a34a8691,renascent.casino,available,6.98,191.98,high,low,9,namecheap,,,09/09/2026 13:55
38d93680-0ece-4e58-9eb1-cf0b4006bd67,gloom.casino,available,6.41,129.58,high,low,5,spaceship,,,01/10/2026 19:48
2420cbdc-43d6-4655-b259-9a897feeef4f,emblem.casino,available,6.41,129.58,high,low,6,spaceship,,,02/10/2026 05:36
aa63f6d7-10cb-4794-8597-e559a6c00f71,feat.casino,available,15.99,,high,low,4,unstoppable,,,30/09/2026 01:35
e29f11a2-5b82-4cf6-98d8-1bbafedc7c4d,punching.casino,available,15.99,,medium,low,8,unstoppable,,,29/09/2026 00:06
e87eae34-b6f6-40c0-bcf2-83c897f0d1b4,noisily.casino,available,6.98,191.98,medium,low,7,namecheap,,,15/09/2026 16:46
68f37302-927a-4efa-9ed0-2b6a219a5921,village.casino,resell,,,high,low,7,"Spaceship, Inc.",23/03/2026 23:18,23/03/2027 23:18,26/09/2026 09:59
d791f660-2ace-4617-948f-cc989147b2bc,bought.casino,available,6.41,129.58,high,low,6,spaceship,,,30/09/2026 22:33
10c28a87-326e-4ba6-9185-309f04ad2301,modified.casino,available,6.98,191.98,high,low,8,namecheap,,,25/08/2026 03:15
f27607e4-de1f-40c9-bc21-8ebe718f4507,ants.casino,available,125.2,125.2,medium,low,4,cloudflare,,,28/09/2026 00:08
87cac39c-2da7-4cea-b151-b858e29c3d2d,known.casino,available,14.99,159.99,high,low,5,namesilo,,,25/09/2026 12:59
5845dd16-2579-4dc1-9a1b-5844992346ac,intentions.casino,available,6.41,129.58,medium,low,10,spaceship,,,27/09/2026 22:32
7293b2a5-9c30-4421-b5e8-73e18ceea402,medici.casino,available,14.99,159.99,high,low,6,namesilo,,,25/09/2026 23:33
56982a41-b297-4913-a5d7-2acd6ade827f,abnaki.casino,available,6.98,191.98,medium,low,6,namecheap,,,
39019b23-d950-415d-a4b2-d39aef88d4e5,sensors.casino,available,125.2,125.2,medium,low,7,cloudflare,,,28/09/2026 09:09
df8f8d67-daf0-4089-9e90-7e77dffe3d49,custody.casino,available,14.99,159.99,high,low,7,namesilo,,,24/09/2026 20:41
d8400e43-2bfd-488a-8d94-5a45247385b7,owed.casino,available,125.2,125.2,medium,low,4,cloudflare,,,27/09/2026 17:35
d0ab6a1a-f175-4751-901f-1a0f035a76be,figured.casino,available,6.98,191.98,high,low,7,namecheap,,,18/08/2026 04:00
113882e0-f1fd-47b2-bab5-2c8ecc07c951,orderly.casino,available,6.98,191.98,high,low,7,namecheap,,,03/09/2026 14:34
5a28fd2f-4ed4-4110-a7a8-d7c694145691,evoked.casino,available,6.98,191.98,medium,low,6,namecheap,,,16/08/2026 04:33
9bbe4619-fdf8-4086-a3a7-bd6a9a1cd411,coeliac.casino,available,6.98,191.98,medium,low,7,namecheap,,,12/08/2026 15:21
6c168c86-02a6-42a9-b514-afbc031ea393,select.casino,resell,,,high,medium,6,"Sav.com, LLC - 16",15/04/2026 15:15,15/04/2027 15:15,26/09/2026 08:54
ccb51865-fbb8-4874-8c72-f07b76be2a5b,accusation.casino,available,125.2,125.2,medium,low,10,cloudflare,,,28/09/2026 17:30
7e73ab92-8bce-403f-8c11-2eb35fb0bf90,deranged.casino,available,6.98,191.98,medium,low,8,namecheap,,,13/08/2026 05:32
921aba37-8be1-46c2-bb84-6280fab41c20,axenic.casino,available,6.98,191.98,medium,low,6,namecheap,,,08/08/2026 01:51
0825cb9b-33f0-41bb-a663-ad981263099e,argyle.casino,available,14.99,159.99,high,low,6,namesilo,,,20/09/2026 04:57
5c1f52a8-fd9f-4064-87e3-0b7aa97470ae,armchair.casino,available,14.99,159.99,high,low,8,namesilo,,,20/09/2026 06:33
27d641f5-4754-4ac7-8485-3c0011083191,skilled.casino,available,6.41,129.58,high,low,7,spaceship,,,27/09/2026 22:20
45e6448a-aeed-4066-bf8a-fe5403ed7383,asphalt.casino,available,14.99,159.99,high,low,7,namesilo,,,20/09/2026 15:08
4a545dfd-5315-4db6-bb14-9b1dd4faa1fb,goosefish.casino,available,6.98,191.98,medium,low,9,namecheap,,,18/09/2026 11:40
73006293-468e-4588-b85b-7ee7d46c0547,planter.casino,available,7.71,133.97,high,low,7,dynadot,,,30/09/2026 18:21
7d726b17-d89a-4240-b51a-db8c0678a673,scienter.casino,available,6.98,191.98,medium,low,8,namecheap,,,16/09/2026 00:44
24dde141-6e74-4870-a475-fbe97dbb8448,handed.casino,available,6.98,191.98,high,low,6,namecheap,,,20/08/2026 23:25
2c8adeb1-d81a-424a-bb47-e728e8159d30,headmaster.casino,available,125.2,125.2,high,low,10,cloudflare,,,29/09/2026 13:01
ad8c232c-2c80-4585-92ba-ef8982f95672,quinn.casino,available,6.98,191.98,high,low,5,namecheap,,,25/09/2026 21:10
6eeee466-183e-48c0-baf0-fbc375285b94,lsu.casino,available,7.71,133.97,high,low,3,dynadot,,,28/09/2026 21:28
67baef99-6262-48db-b34d-b2b0a42291ce,region.casino,available,7.72,129.25,high,low,6,porkbun,,,30/09/2026 09:23
2f7258a4-fdf5-444a-b9df-afd7453eb488,charms.casino,available,14.99,159.99,medium,low,6,namesilo,,,29/09/2026 10:30
cb941b4e-d46f-4642-9323-7f3b793b34de,alteration.casino,available,14.99,159.99,high,low,10,namesilo,,,18/09/2026 14:42
a2785871-22d2-43f9-a61e-a92647ef5b80,olympian.casino,available,6.98,191.98,high,low,8,namecheap,,,17/08/2026 16:01
f7b18ace-a576-4fb0-a517-1f8559b337ac,alcaic.casino,available,14.99,159.99,medium,low,6,namesilo,,,18/09/2026 03:46
f70100d1-2bab-4739-bf23-b9cb4572460a,autostrada.casino,available,14.99,159.99,medium,low,10,namesilo,,,21/09/2026 07:54
d7ad1c97-9635-4003-a30a-d06b6a0e342d,pellagra.casino,available,14.99,159.99,medium,low,8,namesilo,,,18/09/2026 13:55
59c874f1-9b5d-45e4-9852-fa32c500a449,pangolin.casino,available,6.98,191.98,medium,low,8,namecheap,,,19/09/2026 12:39
2694bb97-97e6-4733-9a8a-3d598bc60d90,banners.casino,available,6.41,129.58,medium,low,7,spaceship,,,01/10/2026 00:27
a3138ed1-45bd-48e1-a8a9-1a756f382381,benjamin.casino,available,6.98,191.98,high,low,8,namecheap,,,20/09/2026 12:34
29279e15-1f3d-4567-9460-689d7fbcc5b1,unq.casino,available,14.99,159.99,medium,low,3,namesilo,,,20/09/2026 22:06
4b0e0fff-dc76-4e29-898f-4f372777ac7d,stormproof.casino,available,6.98,191.98,medium,low,10,namecheap,,,10/09/2026 21:24
0ca89994-ef6a-4a89-8da6-ac03b0200685,appl.casino,available,7.71,133.97,high,low,4,dynadot,,,29/09/2026 21:44
de962bc1-73cf-411a-b96f-bdece25612b8,oblivious.casino,available,125.2,125.2,high,low,9,cloudflare,,,01/10/2026 04:58
ceb462e2-ade3-4c77-92df-7bc3283146fb,worthwhile.casino,available,14.99,159.99,high,low,10,namesilo,,,28/09/2026 11:04
0c9e0eb7-1466-442d-b1be-c920e238caad,city.casino,resell,,,high,medium,4,Automattic Inc.,21/08/2021 16:49,21/08/2027 16:49,29/09/2026 09:34
68bed088-6285-46cd-af4d-7ce6c4ab3419,uruguayan.casino,available,6.98,191.98,high,low,9,namecheap,,,12/09/2026 23:55
6d1eb353-abf5-42f6-ab68-fe4823f04e7e,cadillac.casino,available,14.99,159.99,high,low,8,namesilo,,,02/10/2026 00:40
059a561c-6a83-492a-9f15-43c2e66321b4,exam.casino,available,14.99,159.99,high,low,4,namesilo,,,27/09/2026 03:51
fe58095a-a8b6-42ab-8c0c-473934724b6f,foliage.casino,available,14.99,159.99,high,low,7,namesilo,,,30/09/2026 01:40
7f73f52a-8bbb-43c6-8800-320a1d3f94f4,lured.casino,available,7.72,129.25,medium,low,5,porkbun,,,01/10/2026 18:14
2ec46958-a6c1-4dbd-b624-a8aeb3575032,bayberry.casino,available,6.98,191.98,medium,low,8,namecheap,,,22/09/2026 17:18
e60a6ad3-1f0b-4069-9470-107f5ecb7c38,gardiner.casino,available,6.98,191.98,medium,low,8,namecheap,,,25/09/2026 06:17
03e96b55-ecf2-4f41-9f05-305d3d447469,lavinia.casino,available,15.99,,high,low,7,unstoppable,,,30/09/2026 05:09
aeb36b64-862c-4f89-8cdb-1493edf71cb0,candace.casino,available,14.99,159.99,high,low,7,namesilo,,,01/10/2026 23:08
b385edc2-bb4d-44a7-acd3-385eb9695fa4,oblique.casino,available,6.98,191.98,high,low,7,namecheap,,,14/08/2026 05:11
a79791e0-d018-4781-9e0f-03c58423cfd9,behave.casino,available,6.41,129.58,high,low,6,spaceship,,,30/09/2026 15:41
d7127869-621f-4f3d-b7e9-b5ccc1f8c347,beasts.casino,available,14.99,159.99,low,low,6,namesilo,,,28/09/2026 23:05
4c0082df-5cff-4437-886a-78af7ec7a83a,topological.casino,available,6.41,129.58,medium,low,11,spaceship,,,29/09/2026 23:29
6baa22b9-4dac-4587-964c-fc8ec91de78f,hayseed.casino,available,6.98,191.98,medium,low,7,namecheap,,,21/08/2026 08:05
613dfdbd-75b3-4414-b90e-32136fcbfbc8,propane.casino,available,6.41,129.58,high,low,7,spaceship,,,01/10/2026 21:22
2ca61c78-0887-4bd2-b480-9f5cff5a5ea5,aziz.casino,available,6.98,191.98,high,low,4,namecheap,,,28/09/2026 07:37
2fa4cca5-0aeb-459a-aea7-765a3758b4dd,treating.casino,available,14.99,159.99,medium,low,8,namesilo,,,28/09/2026 08:47
7f4f7b2c-d00a-44e7-a1a0-7ce98f689e60,decrease.casino,available,15.99,,medium,low,8,unstoppable,,,29/09/2026 00:39
d844fd55-0fbe-4c9e-828c-847c96ae47f7,thirty.casino,available,6.98,191.98,high,low,6,namecheap,,,
af6d6d11-4e38-486b-a7ec-765ef5410c1c,mazy.casino,available,6.98,191.98,medium,low,4,namecheap,,,22/08/2026 17:42
d60f0c4a-da4c-46ea-aaef-de2f88540568,hickory.casino,available,6.41,129.58,high,low,7,spaceship,,,30/09/2026 17:36
54610d50-687a-4abe-bcb1-08c550c14236,astrantia.casino,available,14.99,159.99,medium,low,9,namesilo,,,20/09/2026 17:32
0c899939-91e4-47e7-a61f-3189f965efbd,foaming.casino,available,6.98,191.98,high,low,7,namecheap,,,11/08/2026 07:18
8aa4c299-40ac-4318-bf51-844328219629,barker.casino,available,14.99,159.99,high,low,6,namesilo,,,22/09/2026 06:27
f9f3611c-fb3b-4c9a-8b06-93157b157b77,refueling.casino,available,125.2,125.2,high,low,9,cloudflare,,,01/10/2026 19:40
70372dd8-4bf6-424e-a229-5bd7dcab8823,tibetan.casino,available,6.98,191.98,high,low,7,namecheap,,,11/09/2026 15:23
828a03c4-2703-4f8d-a091-20381ffecf1e,ooze.casino,available,6.98,191.98,high,low,4,namecheap,,,04/09/2026 15:40
489b9c78-5a0f-4dd7-b67f-fd549388c562,constants.casino,available,14.99,159.99,medium,low,9,namesilo,,,21/09/2026 01:13
441695ce-b133-4b76-8d5b-35f9c2409cc0,indefinitely.casino,available,6.41,129.58,medium,low,12,spaceship,,,28/09/2026 22:50
0335a4dd-2432-46ec-921b-96098141974e,colombian.casino,available,6.98,191.98,high,low,9,namecheap,,,12/08/2026 17:18
9f30eb83-fa7b-4d03-bd9a-ddb22c3d0986,journey.casino,available,125.2,125.2,high,medium,7,cloudflare,,,30/09/2026 00:58
f79d4ab0-595a-41b3-a5b0-f6687dfd3092,pensions.casino,available,125.2,125.2,medium,low,8,cloudflare,,,02/10/2026 02:45
7646746f-195b-49af-82f6-5be19c84735f,sights.casino,available,7.71,133.97,high,low,6,dynadot,,,28/09/2026 10:56
26c4b586-a9ab-4e80-ad88-1a80f1e5b73f,feed.casino,available,13.99,236.99,high,low,4,name.com,,,25/09/2026 05:56
dee959a7-5e8a-4a70-9377-ab93bc51d484,betimes.casino,available,6.98,191.98,medium,low,7,namecheap,,,13/09/2026 23:59
1eee3fdc-8f1c-4f6c-9451-4b18f82104e9,helsinki.casino,available,15.99,,high,low,8,unstoppable,,,30/09/2026 16:35
9db6a408-e067-4bc9-812d-4115aa087c80,villa.casino,resell,,,medium,low,5,,,,29/09/2026 00:41
3b9658ab-8df6-4f32-8846-0f233e5fddc1,spirit.casino,resell,,,high,medium,6,Dynadot Inc,06/05/2025 15:15,06/05/2028 15:15,29/09/2026 15:41
23ec1ac9-b4e9-437d-a590-c82311fd50a9,boost.casino,resell,,,high,medium,5,"NameCheap, Inc.",19/07/2026 15:16,19/07/2027 15:16,29/09/2026 03:38
5cc44f1a-91b5-4770-acbe-18295bdff280,jayne.casino,available,125.2,125.2,medium,low,5,cloudflare,,,29/09/2026 22:03
8686090c-f036-4153-a467-7415b517e5e1,stoically.casino,available,14.99,159.99,medium,low,9,namesilo,,,16/09/2026 07:14
3924860a-3c64-4345-88a9-7a417e251af1,donna.casino,available,6.98,191.98,high,low,5,namecheap,,,01/10/2026 01:47
ea2d176c-145e-400e-967f-67f04a0d1eed,coffeemakers.casino,available,14.99,159.99,medium,low,12,namesilo,,,21/09/2026 01:27
3522c0b9-faf2-4e4a-a84a-c32eb339a27f,arid.casino,available,6.98,191.98,medium,low,4,namecheap,,,06/08/2026 18:58
01749f98-d9b9-4077-a578-990088da7308,allegiance.casino,available,6.98,191.98,high,low,10,namecheap,,,18/09/2026 10:32
d70fef5f-834c-4ffe-ab46-5febff608e1a,platitude.casino,available,6.98,191.98,medium,low,9,namecheap,,,12/08/2026 19:12
65e3415a-84c9-42f0-904a-01df7fef5918,consciousness.casino,available,14.99,159.99,medium,low,13,namesilo,,,28/09/2026 08:13
6e803dc9-44ac-4142-8aa3-9728e6226866,dourly.casino,available,6.98,191.98,low,low,6,namecheap,,,14/09/2026 13:56
50433fc3-8117-4dd1-9daa-3a1c3c579c7f,felony.casino,available,125.2,125.2,medium,low,6,cloudflare,,,28/09/2026 09:45
04483bbc-01c1-4543-950b-e1b9c34a8050,fairish.casino,available,6.98,191.98,medium,low,7,namecheap,,,17/08/2026 21:12
eeb777e3-ed1b-48c4-8b5e-3c811c43cdd9,implicitly.casino,available,6.98,191.98,medium,low,10,namecheap,,,15/09/2026 02:29
356ef2cd-f5ff-481b-ace9-59098a2199e1,prospect.casino,available,14.99,159.99,high,low,8,namesilo,,,28/09/2026 14:06
118869ea-952f-401b-a5e2-d6a7c75aacbc,exhausted.casino,available,6.98,191.98,medium,low,9,namecheap,,,14/08/2026 14:43
d6bb5072-d667-4bce-875f-1017024a81f7,nix.casino,available,6.98,191.98,high,low,3,namecheap,,,03/09/2026 22:30
625a8815-a41b-4cfd-9858-10e83cb3330d,tunnel.casino,available,6.98,191.98,high,low,6,namecheap,,,25/09/2026 03:48
289b3090-73c1-4459-9242-676bf753c0d7,dormie.casino,available,6.98,191.98,medium,low,6,namecheap,,,14/08/2026 16:21
709e26c6-b4a3-40f8-8cd7-8d5554b1c899,screen.casino,available,14.99,159.99,high,low,6,namesilo,,,28/09/2026 08:44
b568b07a-f81d-481c-8039-eb2f2bc3e9a0,sophomore.casino,available,6.98,191.98,high,low,9,namecheap,,,10/09/2026 14:17
5088522e-919d-41a1-b55a-e8b011bbced0,emerged.casino,available,14.99,159.99,low,low,7,namesilo,,,29/09/2026 16:31
9b45aa44-0f87-48db-a3c1-2204b6abf399,desirous.casino,available,6.98,191.98,medium,low,8,namecheap,,,14/08/2026 03:49
8a889608-fbfc-4fe7-8aaa-3ed5d44d664e,sabah.casino,available,7.72,129.25,medium,low,5,porkbun,,,28/09/2026 20:01
ca10030b-f464-4683-b85c-3ee6e5444ee2,whiny.casino,available,6.98,191.98,medium,low,5,namecheap,,,09/09/2026 08:37
36e6f462-5601-4d07-8840-cfdf682d2141,aconcagua.casino,available,14.99,159.99,medium,low,9,namesilo,,,17/09/2026 02:04
d2be7e7b-9e04-46fd-b715-fe6464af3250,coexistent.casino,available,6.98,191.98,medium,low,10,namecheap,,,12/08/2026 15:30
3346b40e-9788-4cae-9614-a11ebb323621,eclectic.casino,available,6.98,191.98,high,low,8,namecheap,,,14/08/2026 23:43
fe33a0ed-7555-4e39-b3d4-d41f7ea1fee4,born.casino,available,14.99,159.99,high,low,4,namesilo,,,23/09/2026 00:37
91e9cc1a-f25f-4e22-83f1-0c096e281348,stance.casino,available,15.99,,high,low,6,unstoppable,,,28/09/2026 20:34
21548dd4-262a-453b-b579-1a8b8e23d096,urbanized.casino,available,6.98,191.98,medium,low,9,namecheap,,,12/09/2026 23:29
d5b1f221-5e5d-4164-82a8-769ad3707de3,judicial.casino,available,6.98,191.98,high,low,8,namecheap,,,22/08/2026 14:14
7c004ba2-9626-45e5-8c75-f31a26d0a8d7,knob.casino,available,14.99,159.99,high,low,4,namesilo,,,28/09/2026 19:39
dd712519-88a2-48d8-b51f-45eafda441d2,peasant.casino,available,6.98,191.98,high,low,7,namecheap,,,11/08/2026 07:35
98d1224b-ab8f-4f80-b757-6023a0961f12,desai.casino,available,14.99,159.99,high,low,5,namesilo,,,30/09/2026 12:39
a1a07618-5473-4447-881b-4d124b9523ed,balk.casino,available,6.98,191.98,medium,low,4,namecheap,,,14/08/2026 04:55
1e650143-a98b-462a-aa7c-99aed224d158,consciously.casino,available,6.41,129.58,medium,low,11,spaceship,,,30/09/2026 20:00
88506f2f-f321-4f6c-b808-1075aa5924af,gathering.casino,available,14.99,159.99,high,low,9,namesilo,,,20/09/2026 16:00
f6689d1d-e802-4076-a83a-a7a722579c0a,sinai.casino,available,14.99,159.99,high,low,5,namesilo,,,25/09/2026 09:30
e545a107-282e-4152-a036-a7f206959b77,selfish.casino,available,6.41,129.58,medium,low,7,spaceship,,,27/09/2026 19:59
d8763a46-c0a4-4a74-888a-a3935e7e8350,atom.casino,resell,,,high,medium,4,Dynadot Inc,07/01/2024 11:10,07/01/2027 11:10,26/09/2026 04:06
2e21dd20-4ddf-4d58-9ce5-6f7ef038893f,creatively.casino,available,6.41,129.58,medium,low,10,spaceship,,,28/09/2026 14:25
e01ee275-c612-4cb2-9ed3-5428cfc3da78,mla.casino,available,14.99,159.99,high,low,3,namesilo,,,28/09/2026 03:26
f383e771-49c1-49f1-bd08-fc822bb9a786,flipping.casino,available,6.98,191.98,high,low,8,namecheap,,,17/09/2026 18:25
48f3bb4e-54dc-4635-9677-b2991ef8a773,jingly.casino,available,6.98,191.98,medium,low,6,namecheap,,,22/08/2026 13:29
fe18055e-cab3-47cd-95b4-a399418ec51a,andean.casino,available,6.98,191.98,high,low,6,namecheap,,,
990bb9a4-9787-4183-9adb-a9baafc2ee74,bassett.casino,available,14.99,159.99,high,low,7,namesilo,,,27/09/2026 07:09
ab2f410c-4d19-4fee-bb64-36f1082a6380,yearbook.casino,available,6.41,129.58,high,low,8,spaceship,,,28/09/2026 11:22
a9fb2bf9-1189-453d-ba83-7587472420bf,happily.casino,available,14.99,159.99,high,low,7,namesilo,,,28/09/2026 13:29
714db0e9-9d09-447e-9941-dfa44937e56b,gunnison.casino,available,6.41,129.58,medium,low,8,spaceship,,,01/10/2026 12:09
e6f4e1cc-cece-493d-b2de-7474f4cdeb3b,entry.casino,available,6.98,191.98,high,low,5,namecheap,,,08/09/2026 09:43
08ddf681-20dd-467e-bc5c-64adf8474477,stingless.casino,available,6.98,191.98,medium,low,9,namecheap,,,10/09/2026 20:48
0ead27bb-d70e-4593-b979-61a4bffad183,hempen.casino,available,6.98,191.98,medium,low,6,namecheap,,,18/08/2026 03:20
03662fa6-e02f-4405-a10c-f4b56ab728fb,differently.casino,available,6.98,191.98,medium,low,11,namecheap,,,26/09/2026 03:11
fc064cac-873e-4f42-917c-2eaa459c35a3,discomfort.casino,available,6.41,129.58,high,low,10,spaceship,,,29/09/2026 15:28
ac4f83e7-8172-4ddf-9d10-4a8728219564,lindbergh.casino,available,14.99,159.99,medium,low,9,namesilo,,,29/09/2026 06:20
0abd3eb5-4364-41ba-b983-09cf08d0123a,harriet.casino,available,6.98,191.98,high,low,7,namecheap,,,27/09/2026 22:29
593a70df-389d-4b55-8848-1d150b255ce5,hayden.casino,available,14.99,159.99,high,low,6,namesilo,,,25/09/2026 15:33
adf605e5-fa82-438e-9919-ca28e808205e,hammond.casino,available,14.99,159.99,high,low,7,namesilo,,,25/09/2026 12:21
89148e8b-5f93-409b-a7f2-adab881a212b,concentric.casino,available,6.98,191.98,high,low,10,namecheap,,,12/08/2026 19:57
a99dcb0a-124b-4240-b239-67623b78cbce,audrey.casino,available,14.99,159.99,high,low,6,namesilo,,,25/09/2026 14:38
61685523-33c1-4c4c-a975-f5ab74023f5c,currawong.casino,available,14.99,159.99,medium,low,9,namesilo,,,23/09/2026 05:33
060fc892-3570-47a7-a251-67f298a10abd,cared.casino,available,6.98,191.98,medium,low,5,namecheap,,,25/09/2026 19:49
cb0bd195-28f0-4a93-bafd-ff73391f7545,enchained.casino,available,6.98,191.98,medium,low,9,namecheap,,,12/08/2026 01:24
29a09920-04f1-448d-a009-209270834c8c,notaries.casino,available,14.99,159.99,medium,low,8,namesilo,,,02/10/2026 03:21
a068d7cf-11cf-47ad-9563-11478431a3e6,ambrose.casino,available,14.99,159.99,high,low,7,namesilo,,,18/09/2026 17:22
c093c9d8-71c7-462b-8b3a-835944bb3137,fled.casino,available,14.99,159.99,low,low,4,namesilo,,,28/09/2026 12:32
c2a5ebea-ff05-4381-b5ff-e20d8f6ebbeb,saint.casino,available,6.98,191.98,high,low,5,namecheap,,,25/09/2026 23:06
a1ac933d-5d74-49a7-adde-da5c5180283e,worded.casino,available,14.99,159.99,medium,low,6,namesilo,,,20/09/2026 15:04
5e0c04de-bf03-4c09-bf63-3809c0523350,carmichael.casino,available,15.99,,high,low,10,unstoppable,,,28/09/2026 02:01
c67d7eed-034d-4f15-bf34-accfcd154506,focuses.casino,available,6.98,191.98,medium,low,7,namecheap,,,20/09/2026 21:43
78b89fe2-684c-4339-b1df-b3746731d5bc,collegium.casino,available,15.99,,high,low,9,unstoppable,,,01/10/2026 14:27
a2a631b8-387c-43ca-9ad9-7af84b29d2a3,atilt.casino,available,6.98,191.98,medium,low,5,namecheap,,,07/08/2026 13:13
d5e6e7ca-5447-4808-977e-8a44116d2a86,tightly.casino,available,14.99,159.99,medium,low,7,namesilo,,,16/09/2026 09:06
d7991ec9-beb5-4711-8052-1cd23b58a61a,nevermore.casino,available,6.98,191.98,medium,low,9,namecheap,,,15/09/2026 16:30
cde3528a-996c-40f9-941e-5787b639b171,durable.casino,available,14.99,159.99,high,low,7,namesilo,,,24/09/2026 12:29
15ef9dd7-0b2b-4332-b229-eecda5978157,alkyl.casino,available,14.99,159.99,medium,low,5,namesilo,,,18/09/2026 08:34
566e2d49-d5bb-40bf-bfa5-b016aca295b8,blackout.casino,available,6.98,191.98,high,low,8,namecheap,,,18/09/2026 22:20